time(ms),A0,A1,A2,A3,A4,A5,A6,D5,D6,D9,D10,D110,345,348,351,350,344,350,0,0,0,0,0
100,345,349,352,354,352,350,0,0,0,0,0
200,345,349,353,355,351,350,0,0,0,0,0
300,345,349,353,354,350,350,0,0,0,0,0
400,346,350,353,354,350,350,0,0,0,0,0
500,345,349,353,354,350,351,0,0,0,0,0
600,345,349,353,354,350,350,0,0,0,0,0
700,345,349,353,354,350,351,0,0,0,0,0
800,345,349,353,354,350,351,0,0,0,0,0
900,345,349,353,354,350,350,0,0,0,0,0
1000,345,349,353,354,350,351,0,0,0,0,0
1100,345,349,353,354,350,350,0,0,0,0,0
1200,345,349,352,353,349,350,0,0,0,0,0
1300,345,349,353,354,350,351,0,0,0,0,0
1400,345,349,353,354,350,350,0,0,0,0,0
1500,345,349,353,354,350,350,0,0,0,0,0
1600,345,349,353,354,350,350,0,0,0,0,0
1700,345,349,353,354,350,350,0,0,0,0,0
1800,345,349,352,353,349,350,0,0,0,0,0
1900,345,349,353,354,350,350,0,0,0,0,0
2000,345,349,352,353,349,350,0,0,0,0,0
2100,345,349,352,353,349,350,0,0,0,0,0
2200,345,349,352,353,349,350,0,0,0,0,0
2300,345,349,352,353,349,350,0,0,0,0,0
2400,345,348,352,353,349,350,0,0,0,0,0
2500,345,349,352,353,349,350,0,0,0,0,0
2600,345,348,352,353,349,350,0,0,0,0,0
2700,344,348,352,353,349,350,0,0,0,0,0
2800,345,348,352,353,349,350,0,0,0,0,0
2900,344,348,352,353,349,350,0,0,0,0,0
3000,344,348,352,353,349,350,0,0,0,0,0
3100,344,348,352,353,349,350,0,0,0,0,0
3200,344,348,352,353,349,350,0,0,0,0,0
3300,344,348,352,353,349,350,0,0,0,0,0
3400,344,348,352,353,349,350,0,0,0,0,0
3500,344,348,352,353,349,350,0,0,0,0,0
3600,344,348,352,353,349,350,0,0,0,0,0
3700,344,348,352,353,349,349,0,0,0,0,0
3800,344,348,351,352,348,349,0,0,0,0,0
3900,344,348,352,353,349,349,0,0,0,0,0
4000,344,348,352,353,349,349,0,0,0,0,0
4100,344,348,352,353,349,350,0,0,0,0,0
4200,344,348,352,353,349,350,0,0,0,0,0
4300,344,348,351,352,348,349,0,0,0,0,0
4400,344,348,352,353,349,350,0,0,0,0,0
4500,345,349,353,354,350,351,0,0,0,0,0
4600,345,349,353,354,350,350,0,0,0,0,0
4700,345,348,352,353,349,350,0,0,0,0,0
4800,345,349,353,354,350,350,0,0,0,0,0
4900,347,351,355,356,352,353,0,0,0,0,0
5000,348,353,357,358,354,354,0,0,0,0,0
5100,350,354,359,360,356,356,0,0,0,0,0
5200,350,354,358,359,356,356,0,0,0,0,0
5300,350,354,358,359,355,356,0,0,0,0,0
5400,350,354,358,359,355,356,0,0,0,0,0
5500,350,353,357,359,355,355,0,0,0,0,0
5600,349,353,357,358,354,355,0,0,0,0,0
5700,348,352,356,357,354,354,0,0,0,0,0
5800,348,352,356,357,353,354,0,0,0,0,0
5900,348,351,355,356,353,353,0,0,0,0,0
6000,347,351,355,356,352,353,0,0,0,0,0
6100,347,351,355,356,352,352,0,0,0,0,0
6200,347,351,355,356,352,352,0,0,0,0,0
6300,347,351,355,356,352,352,0,0,0,0,0
6400,347,351,355,356,352,352,0,0,0,0,0
6500,347,350,354,355,351,352,0,0,0,0,0
6600,346,350,354,355,351,352,0,0,0,0,0
6700,346,350,353,354,351,351,0,0,0,0,0
6800,346,350,353,354,351,351,0,0,0,0,0
6900,346,349,353,354,350,351,0,0,0,0,0
7000,345,349,353,354,350,351,0,0,0,0,0
7100,345,349,353,354,350,351,0,0,0,0,0
7200,345,349,353,354,350,351,0,0,0,0,0
7300,345,349,353,354,350,350,0,0,0,0,0
7400,345,349,353,354,350,350,0,0,0,0,0
7500,345,349,353,354,350,350,0,0,0,0,0
7600,345,349,353,354,350,350,0,0,0,0,0
7700,345,349,353,354,350,350,0,0,0,0,0
7800,345,349,352,353,349,350,0,0,0,0,0
7900,345,349,352,353,349,350,0,0,0,0,0
8000,345,349,352,353,350,350,0,0,0,0,0
8100,345,348,352,353,349,350,0,0,0,0,0
8200,344,348,352,353,349,350,0,0,0,0,0
8300,344,348,352,353,349,350,0,0,0,0,0
8400,344,348,352,353,349,350,0,0,0,0,0
8500,344,348,352,353,349,349,0,0,0,0,0
8600,344,348,352,353,349,350,0,0,0,0,0
8700,344,348,352,353,349,349,0,0,0,0,0
8800,344,348,352,353,349,349,0,0,0,0,0
8900,344,348,352,353,349,349,0,0,0,0,0
9000,344,348,352,353,349,349,0,0,0,0,0
9100,344,348,352,353,349,349,0,0,0,0,0
9200,344,348,352,353,349,349,0,0,0,0,0
9300,344,348,352,352,349,349,0,0,0,0,0
9400,344,348,351,352,348,349,0,0,0,0,0
9500,344,348,352,353,349,349,0,0,0,0,0
9600,344,348,352,353,349,349,0,0,0,0,0
9700,344,348,352,353,349,349,0,0,0,0,0
9800,344,348,352,353,349,349,0,0,0,0,0
9900,344,348,351,352,348,349,0,0,0,0,0
10000,344,348,352,353,349,349,0,0,0,0,0
10100,344,348,352,352,348,349,0,0,0,0,0
10200,344,348,351,352,348,349,0,0,0,0,0
10300,344,348,351,352,348,349,0,0,0,0,0
10400,344,348,351,352,348,349,0,0,0,0,0
10500,344,348,351,352,348,349,0,0,0,0,0
10600,344,347,351,352,348,349,0,0,0,0,0
10700,344,347,351,352,348,349,0,0,0,0,0
10800,344,347,351,352,348,349,0,0,0,0,0
10900,344,347,351,352,348,349,0,0,0,0,0
11000,344,347,351,352,348,349,0,0,0,0,0
11100,344,348,351,352,348,349,0,0,0,0,0
11200,344,347,351,352,348,349,0,0,0,0,0
11300,344,347,351,352,348,349,0,0,0,0,0
11400,344,347,351,352,348,349,0,0,0,0,0
11500,344,347,351,352,348,349,0,0,0,0,0
11600,344,347,351,352,348,349,0,0,0,0,0
11700,344,347,351,352,348,349,0,0,0,0,0
11800,344,347,351,352,348,349,0,0,0,0,0
11900,344,347,351,352,348,349,0,0,0,0,0
12000,344,347,351,352,348,349,0,0,0,0,0
12100,344,347,351,352,348,349,0,0,0,0,0
12200,344,347,351,352,348,349,0,0,0,0,0
12300,344,347,351,352,348,349,0,0,0,0,0
12400,344,347,351,352,348,349,0,0,0,0,0
12500,344,347,351,352,348,349,0,0,0,0,0
12600,344,347,351,352,348,349,0,0,0,0,0
12700,344,347,351,352,348,349,0,0,0,0,0
12800,344,347,351,352,348,349,0,0,0,0,0
12900,344,347,351,352,348,349,0,0,0,0,0
13000,344,347,351,352,348,349,0,0,0,0,0
13100,344,347,351,352,348,349,0,0,0,0,0
13200,344,347,351,352,348,349,0,0,0,0,0
13300,344,347,351,352,348,349,0,0,0,0,0
13400,344,347,351,352,348,349,0,0,0,0,0
13500,344,347,351,352,348,349,0,0,0,0,0
13600,344,347,351,352,348,349,0,0,0,0,0
13700,344,348,351,352,348,349,0,0,0,0,0
13800,344,347,351,352,348,349,0,0,0,0,0
13900,344,348,351,352,348,349,0,0,0,0,0
14000,344,348,351,352,348,349,0,0,0,0,0
14100,344,347,351,352,348,349,0,0,0,0,0
14200,344,348,351,352,348,349,0,0,0,0,0
14300,344,348,352,353,349,349,0,0,0,0,0
14400,344,348,351,352,348,349,0,0,0,0,0
14500,344,348,352,353,348,349,0,0,0,0,0
14600,344,348,352,353,349,349,0,0,0,0,0
14700,344,348,352,352,348,349,0,0,0,0,0
14800,344,348,352,352,349,349,0,0,0,0,0
14900,344,348,352,353,349,350,0,0,0,0,0
15000,344,348,352,352,348,349,0,0,0,0,0
15100,344,348,352,353,349,349,0,0,0,0,0
15200,345,348,352,353,349,349,0,0,0,0,0
15300,344,348,352,353,348,349,0,0,0,0,0
15400,344,348,352,353,349,349,0,0,0,0,0
15500,345,348,352,353,349,350,0,0,0,0,0
15600,344,348,352,353,349,349,0,0,0,0,0
15700,345,348,352,353,349,350,0,0,0,0,0
15800,345,348,352,353,349,350,0,0,0,0,0
15900,344,348,352,353,349,349,0,0,0,0,0
16000,345,348,352,353,349,350,0,0,0,0,0
16100,344,348,352,353,349,349,0,0,0,0,0
16200,345,348,352,353,349,350,0,0,0,0,0
16300,345,348,352,353,349,350,0,0,0,0,0
16400,345,348,352,353,349,350,0,0,0,0,0
16500,345,348,352,353,349,350,0,0,0,0,0
16600,345,348,352,353,349,350,0,0,0,0,0
16700,344,348,352,353,349,350,0,0,0,0,0
16800,345,348,352,353,349,350,0,0,0,0,0
16900,345,349,352,353,349,350,0,0,0,0,0
17000,345,348,352,353,349,350,0,0,0,0,0
17100,345,348,352,353,349,350,0,0,0,0,0
17200,345,349,352,353,349,350,0,0,0,0,0
17300,345,348,352,353,349,350,0,0,0,0,0
17400,345,349,352,353,349,350,0,0,0,0,0
17500,345,349,353,354,349,350,0,0,0,0,0
17600,345,348,352,353,349,350,0,0,0,0,0
17700,345,349,352,353,349,350,0,0,0,0,0
17800,345,349,353,354,350,350,0,0,0,0,0
17900,345,349,352,353,349,350,0,0,0,0,0
18000,345,349,352,353,349,350,0,0,0,0,0
18100,345,349,353,354,350,350,0,0,0,0,0
18200,345,349,352,353,349,350,0,0,0,0,0
18300,345,349,353,354,350,350,0,0,0,0,0
18400,345,349,353,354,350,350,0,0,0,0,0
18500,345,349,352,353,349,350,0,0,0,0,0
18600,345,349,353,354,350,350,0,0,0,0,0
18700,346,349,353,354,350,351,0,0,0,0,0
18800,345,349,353,354,350,350,0,0,0,0,0
18900,346,349,353,354,350,351,0,0,0,0,0
19000,346,349,353,354,350,351,0,0,0,0,0
19100,346,349,353,354,350,350,0,0,0,0,0
19200,346,349,353,354,350,351,0,0,0,0,0
19300,345,349,353,354,350,350,0,0,0,0,0
19400,346,349,353,354,350,351,0,0,0,0,0
19500,346,349,353,354,350,351,0,0,0,0,0
19600,346,349,353,354,350,350,0,0,0,0,0
19700,346,349,353,354,350,351,0,0,0,0,0
19800,346,349,353,354,350,351,0,0,0,0,0
19900,346,349,353,354,350,351,0,0,0,0,0
20000,346,349,353,354,350,351,0,0,0,0,0
20100,346,349,353,354,350,351,0,0,0,0,0
20200,346,349,353,354,350,351,0,0,0,0,0
20300,346,349,353,354,350,351,0,0,0,0,0
20400,346,349,353,354,350,351,0,0,0,0,0
20500,346,349,353,354,350,351,0,0,0,0,0
20600,346,350,353,354,350,351,0,0,0,0,0
20700,346,350,353,354,350,351,0,0,0,0,0
20800,346,349,353,354,350,351,0,0,0,0,0
20900,346,349,353,354,350,351,0,0,0,0,0
21000,346,349,353,354,350,351,0,0,0,0,0
21100,346,349,353,354,350,351,0,0,0,0,0
21200,346,349,353,354,350,351,0,0,0,0,0
21300,346,350,353,354,350,351,0,0,0,0,0
21400,346,349,353,354,350,351,0,0,0,0,0
21500,346,350,353,354,350,351,0,0,0,0,0
21600,346,350,353,354,350,351,0,0,0,0,0
21700,346,349,353,354,350,351,0,0,0,0,0
21800,346,350,353,354,350,351,0,0,0,0,0
21900,346,350,354,355,351,351,0,0,0,0,0
22000,346,350,354,355,351,351,0,0,0,0,0
22100,346,349,353,354,350,351,0,0,0,0,0
22200,345,349,353,354,349,350,0,0,0,0,0
22300,345,348,352,353,349,350,0,0,0,0,0
22400,344,348,351,352,348,349,0,0,0,0,0
22500,344,347,351,352,347,348,0,0,0,0,0
22600,345,349,352,353,349,350,0,0,0,0,0
22700,346,351,355,356,352,352,0,0,0,0,0
22800,348,353,357,358,354,354,0,0,0,0,0
22900,352,356,360,361,356,357,0,0,0,0,0
23000,353,357,361,361,357,358,0,0,0,0,0
23100,352,356,360,361,357,358,0,0,0,0,0
23200,344,347,353,355,352,351,0,0,0,0,0
23300,799,465,467,496,542,684,0,0,0,0,0
23400,770,525,559,615,683,842,0,0,0,0,0
23500,714,1023,1023,912,605,537,0,0,0,0,0
23600,716,723,1023,1023,1023,988,0,0,0,0,0
23700,772,812,902,1023,1023,1012,0,0,0,0,0
23800,837,888,965,1023,1023,1022,0,0,0,0,0
23900,899,949,1004,1023,1023,1023,0,0,0,0,0
24000,943,982,1021,1023,1023,1023,0,0,0,0,0
24100,968,996,1023,1023,1023,1023,0,0,0,0,0
24200,926,915,884,820,710,420,0,0,0,0,0
24300,972,1009,1023,956,689,612,0,0,0,0,0
24400,1013,1023,1023,918,582,726,0,0,0,0,0
24500,1023,1023,1023,975,717,875,0,0,0,0,0
24600,1023,1023,982,542,779,949,0,0,0,0,0
24700,1008,973,943,732,873,995,0,0,0,0,0
24800,1023,1023,998,842,933,1021,0,0,0,0,0
24900,1023,1023,1019,904,972,1023,0,0,0,0,0
25000,1023,1023,1023,945,995,1023,0,0,0,0,0
25100,1023,1023,1023,1023,1015,1023,0,0,0,0,0
25200,885,1023,1023,1023,1023,854,0,0,0,0,0
25300,926,967,1023,1023,1023,1023,0,0,0,0,0
25400,834,795,727,1023,1023,1023,0,0,0,0,0
25500,811,807,839,958,1023,1023,0,0,0,0,0
25600,837,864,923,1006,1023,1023,0,0,0,0,0
25700,887,928,983,1023,1023,1023,0,0,0,0,0
25800,936,976,1021,1023,1023,1023,0,0,0,0,0
25900,965,997,1023,1023,1023,1023,0,0,0,0,0
26000,1014,1023,1023,1023,972,744,0,0,0,0,0
26100,1015,1023,1023,900,479,787,0,0,0,0,0
26200,980,998,942,501,634,903,0,0,0,0,0
26300,932,893,657,634,753,927,0,0,0,0,0
26400,925,884,704,739,823,936,0,0,0,0,0
26500,923,919,897,814,865,940,0,0,0,0,0
26600,1023,1023,1023,1020,930,997,0,0,0,0,0
26700,1023,1017,1023,1023,962,1023,0,0,0,0,0
26800,1013,1023,1023,1023,975,1023,0,0,0,0,0
26900,1023,1023,1023,1023,1023,1023,0,0,0,0,0
27000,685,986,1007,1015,960,666,0,0,0,0,0
27100,847,972,982,993,1002,910,0,0,0,0,0
27200,947,1023,1023,991,1023,996,0,0,0,0,0
27300,962,1007,1022,1020,1023,975,0,0,0,0,0
27400,948,962,944,977,1007,1021,0,0,0,0,0
27500,958,976,1021,1023,1023,1016,0,0,0,0,0
27600,962,980,1016,1019,1023,1023,0,0,0,0,0
27700,948,955,913,971,988,1010,0,0,0,0,0
27800,960,981,1022,1023,1023,1023,0,0,0,0,0
27900,958,972,995,1002,1011,1023,0,0,0,0,0
28000,945,952,956,956,970,979,0,0,0,0,0
28100,958,981,1023,1023,1023,1008,0,0,0,0,0
28200,956,969,983,969,990,1020,0,0,0,0,0
28300,942,948,960,934,951,962,0,0,0,0,0
28400,950,967,1000,994,1023,1023,0,0,0,0,0
28500,816,751,652,938,964,987,0,0,0,0,0
28600,761,740,753,914,929,935,0,0,0,0,0
28700,783,806,862,968,979,970,0,0,0,0,0
28800,768,776,791,795,978,936,0,0,0,0,0
28900,743,744,756,770,817,519,0,0,0,0,0
29000,712,707,711,712,713,577,0,0,0,0,0
29100,678,671,670,668,664,609,0,0,0,0,0
29200,646,639,639,639,638,619,0,0,0,0,0
29300,621,616,618,621,624,619,0,0,0,0,0
29400,601,598,602,607,611,610,0,0,0,0,0
29500,584,583,589,594,599,598,0,0,0,0,0
29600,569,570,576,582,586,584,0,0,0,0,0
29700,555,556,562,568,572,570,0,0,0,0,0
29800,542,543,549,555,558,556,0,0,0,0,0
29900,528,529,536,542,544,543,0,0,0,0,0
30000,514,515,522,528,531,529,0,0,0,0,0
30100,501,502,509,515,517,515,0,0,0,0,0
30200,488,489,496,502,504,502,0,0,0,0,0
30300,475,476,483,489,491,490,0,0,0,0,0
30400,463,464,471,477,479,477,0,0,0,0,0
30500,452,453,460,466,467,466,0,0,0,0,0
30600,441,442,449,455,456,454,0,0,0,0,0
30700,431,433,440,446,446,444,0,0,0,0,0
30800,422,424,431,436,436,434,0,0,0,0,0
30900,414,416,422,427,426,425,0,0,0,0,0
31000,407,409,415,419,418,418,0,0,0,0,0
31100,400,402,408,412,411,410,0,0,0,0,0
31200,393,396,401,405,404,403,0,0,0,0,0
31300,388,391,396,400,398,398,0,0,0,0,0
31400,383,386,391,395,393,392,0,0,0,0,0
31500,379,382,387,390,388,387,0,0,0,0,0
31600,375,378,383,386,384,384,0,0,0,0,0
31700,372,375,379,382,380,379,0,0,0,0,0
31800,368,372,376,379,376,376,0,0,0,0,0
31900,366,369,374,376,373,373,0,0,0,0,0
32000,363,367,371,373,370,371,0,0,0,0,0
32100,361,365,369,371,368,368,0,0,0,0,0
32200,359,363,367,369,366,366,0,0,0,0,0
32300,358,361,365,367,364,364,0,0,0,0,0
32400,356,360,364,366,363,363,0,0,0,0,0
32500,355,359,363,364,361,361,0,0,0,0,0
32600,354,357,361,363,359,360,0,0,0,0,0
32700,353,357,361,362,359,359,0,0,0,0,0
32800,352,356,360,361,357,358,0,0,0,0,0
32900,351,355,359,360,356,357,0,0,0,0,0
33000,350,354,358,360,356,356,0,0,0,0,0
33100,350,354,358,359,355,356,0,0,0,0,0
33200,349,353,357,358,354,355,0,0,0,0,0
33300,349,353,357,358,354,355,0,0,0,0,0
33400,348,352,356,357,353,354,0,0,0,0,0
33500,348,352,355,357,353,353,0,0,0,0,0
33600,348,352,355,357,353,353,0,0,0,0,0
33700,347,351,355,356,352,353,0,0,0,0,0
33800,347,351,354,356,352,352,0,0,0,0,0
33900,347,351,355,356,352,352,0,0,0,0,0
34000,347,350,354,355,351,352,0,0,0,0,0
34100,346,350,354,355,351,352,0,0,0,0,0
34200,346,350,354,355,351,352,0,0,0,0,0
34300,346,350,354,355,351,351,0,0,0,0,0
34400,346,349,353,354,350,351,0,0,0,0,0
34500,346,350,353,355,351,351,0,0,0,0,0
34600,345,349,353,354,350,351,0,0,0,0,0
34700,345,349,353,354,350,351,0,0,0,0,0
34800,345,349,353,354,350,351,0,0,0,0,0
34900,345,349,353,354,350,350,0,0,0,0,0
35000,345,349,353,354,350,350,0,0,0,0,0
35100,345,349,353,354,350,350,0,0,0,0,0
35200,345,349,353,354,350,350,0,0,0,0,0
35300,345,349,353,354,350,351,0,0,0,0,0
35400,345,349,353,354,350,350,0,0,0,0,0
35500,345,349,352,353,349,350,0,0,0,0,0
35600,345,349,353,354,350,350,0,0,0,0,0
35700,345,349,353,353,349,350,0,0,0,0,0
35800,345,349,352,353,349,350,0,0,0,0,0
35900,345,349,353,353,350,350,0,0,0,0,0
36000,345,349,352,353,349,350,0,0,0,0,0
36100,345,348,352,353,349,350,0,0,0,0,0
36200,345,348,352,353,349,350,0,0,0,0,0
36300,344,348,352,353,349,350,0,0,0,0,0
36400,344,348,352,353,349,350,0,0,0,0,0
36500,344,348,352,353,349,350,0,0,0,0,0
36600,344,348,352,353,349,350,0,0,0,0,0
36700,344,348,352,353,349,349,0,0,0,0,0
36800,344,348,352,353,349,350,0,0,0,0,0
36900,344,348,352,353,349,349,0,0,0,0,0
37000,344,348,352,353,349,349,0,0,0,0,0
37100,344,348,352,353,349,349,0,0,0,0,0
37200,344,348,352,353,349,349,0,0,0,0,0
37300,344,348,352,353,349,349,0,0,0,0,0
37400,344,348,352,353,349,349,0,0,0,0,0
37500,344,348,352,353,349,349,0,0,0,0,0
37600,344,348,352,353,349,349,0,0,0,0,0
37700,344,348,352,353,349,349,0,0,0,0,0
37800,345,348,352,353,349,349,0,0,0,0,0
37900,344,348,352,353,349,349,0,0,0,0,0
38000,344,348,352,353,348,349,0,0,0,0,0
38100,344,348,352,353,349,349,0,0,0,0,0
38200,344,348,352,353,349,349,0,0,0,0,0
38300,344,348,352,353,349,349,0,0,0,0,0
38400,344,348,352,353,349,349,0,0,0,0,0
38500,344,348,352,353,349,349,0,0,0,0,0
38600,344,348,352,353,349,349,0,0,0,0,0
38700,344,348,352,353,349,349,0,0,0,0,0
38800,344,348,352,353,349,349,0,0,0,0,0
38900,344,348,352,353,349,349,0,0,0,0,0
39000,344,348,352,353,349,349,0,0,0,0,0
39100,344,348,352,353,349,349,0,0,0,0,0
39200,344,348,352,353,349,349,0,0,0,0,0
39300,344,348,352,353,349,349,0,0,0,0,0
39400,344,348,352,353,349,349,0,0,0,0,0
39500,344,348,352,353,349,349,0,0,0,0,0
39600,344,348,352,353,348,349,0,0,0,0,0
39700,344,348,352,353,349,349,0,0,0,0,0
39800,344,348,352,353,349,349,0,0,0,0,0
39900,344,348,352,353,349,349,0,0,0,0,0
40000,344,348,352,353,349,349,0,0,0,0,0
40100,344,348,352,353,349,349,0,0,0,0,0
40200,344,348,352,352,348,349,0,0,0,0,0
40300,344,348,352,353,349,349,0,0,0,0,0
40400,344,348,352,353,349,349,0,0,0,0,0
40500,344,348,352,352,348,349,0,0,0,0,0
40600,344,348,352,353,349,349,0,0,0,0,0
40700,344,348,352,353,348,349,0,0,0,0,0
40800,344,348,352,352,348,349,0,0,0,0,0
40900,344,348,352,352,348,349,0,0,0,0,0
41000,344,348,352,352,348,349,0,0,0,0,0
41100,344,348,351,352,348,349,0,0,0,0,0
41200,344,348,351,352,348,349,0,0,0,0,0
41300,344,347,351,352,348,349,0,0,0,0,0
41400,344,347,351,352,348,349,0,0,0,0,0
41500,344,347,351,352,348,349,0,0,0,0,0
41600,344,347,351,352,348,349,0,0,0,0,0
41700,344,347,351,352,348,349,0,0,0,0,0
41800,344,347,351,352,348,349,0,0,0,0,0
41900,343,347,351,352,348,349,0,0,0,0,0
42000,343,347,351,352,348,349,0,0,0,0,0
42100,343,347,351,352,348,348,0,0,0,0,0
42200,343,347,351,352,348,348,0,0,0,0,0
42300,343,347,351,352,348,349,0,0,0,0,0
42400,343,347,351,352,348,348,0,0,0,0,0
42500,343,347,351,352,348,348,0,0,0,0,0
42600,343,347,351,352,348,348,0,0,0,0,0
42700,343,347,351,352,348,348,0,0,0,0,0
42800,343,347,351,352,348,348,0,0,0,0,0
42900,343,347,351,352,348,348,0,0,0,0,0
43000,343,347,351,352,348,348,0,0,0,0,0
43100,343,347,351,352,348,348,0,0,0,0,0
43200,343,347,351,352,348,348,0,0,0,0,0
43300,343,347,351,352,348,348,0,0,0,0,0
43400,343,347,351,352,348,348,0,0,0,0,0
43500,343,347,351,352,348,348,0,0,0,0,0
43600,343,347,351,352,348,348,0,0,0,0,0
43700,343,347,351,352,348,348,0,0,0,0,0
43800,343,347,351,352,348,348,0,0,0,0,0
43900,343,347,351,352,348,348,0,0,0,0,0
44000,343,347,351,352,348,348,0,0,0,0,0
44100,343,347,351,352,348,348,0,0,0,0,0
44200,343,347,351,352,348,348,0,0,0,0,0
44300,343,347,351,352,348,348,0,0,0,0,0
44400,343,347,351,352,348,348,0,0,0,0,0
44500,343,347,351,352,348,348,0,0,0,0,0
44600,343,347,351,352,348,348,0,0,0,0,0
44700,343,347,351,352,348,348,0,0,0,0,0
44800,343,347,351,352,348,348,0,0,0,0,0
44900,343,347,351,352,348,348,0,0,0,0,0
45000,343,347,351,352,348,348,0,0,0,0,0
45100,343,347,351,352,348,348,0,0,0,0,0
45200,343,347,351,352,348,348,0,0,0,0,0
45300,343,347,351,352,348,348,0,0,0,0,0
45400,343,347,351,352,348,348,0,0,0,0,0
45500,343,347,351,352,348,348,0,0,0,0,0
45600,343,347,351,352,348,348,0,0,0,0,0
45700,343,347,351,352,348,348,0,0,0,0,0
45800,343,347,351,352,348,348,0,0,0,0,0
45900,343,347,351,352,348,348,0,0,0,0,0
46000,343,347,351,352,348,348,0,0,0,0,0
46100,343,347,351,352,348,348,0,0,0,0,0
46200,343,347,351,352,348,348,0,0,0,0,0
46300,343,347,351,352,348,348,0,0,0,0,0
46400,343,347,351,352,348,348,0,0,0,0,0
46500,343,347,351,352,348,348,0,0,0,0,0
46600,344,347,351,352,348,348,0,0,0,0,0
46700,343,347,351,352,348,348,0,0,0,0,0
46800,343,347,351,352,348,348,0,0,0,0,0
46900,343,347,351,352,348,348,0,0,0,0,0
47000,343,347,351,352,348,348,0,0,0,0,0
47100,343,347,351,352,348,349,0,0,0,0,0
47200,343,347,351,352,348,348,0,0,0,0,0
47300,343,347,351,352,348,348,0,0,0,0,0
47400,343,347,351,352,347,348,0,0,0,0,0
47500,344,347,351,352,348,348,0,0,0,0,0
47600,343,347,351,352,348,348,0,0,0,0,0
47700,343,347,351,352,348,348,0,0,0,0,0
47800,344,347,351,352,348,348,0,0,0,0,0
47900,343,347,351,352,348,348,0,0,0,0,0
48000,344,347,351,352,348,349,0,0,0,0,0
48100,343,347,351,351,348,349,0,0,0,0,0
48200,343,347,351,352,348,349,0,0,0,0,0
48300,344,347,351,352,348,349,0,0,0,0,0
48400,343,347,351,352,348,349,0,0,0,0,0
48500,344,347,351,352,348,348,0,0,0,0,0
48600,344,348,351,352,348,349,0,0,0,0,0
48700,344,347,351,352,348,349,0,0,0,0,0
48800,344,347,351,352,348,349,0,0,0,0,0
48900,344,348,351,352,348,349,0,0,0,0,0
49000,344,347,351,352,348,349,0,0,0,0,0
49100,344,347,351,352,348,349,0,0,0,0,0
49200,344,348,351,353,348,349,0,0,0,0,0
49300,344,347,351,352,348,349,0,0,0,0,0
49400,344,347,351,352,348,349,0,0,0,0,0
49500,344,348,351,352,348,349,0,0,0,0,0
49600,344,347,351,352,348,349,0,0,0,0,0
49700,344,347,351,352,348,349,0,0,0,0,0
49800,344,348,351,352,348,349,0,0,0,0,0
49900,344,347,351,352,348,349,0,0,0,0,0
50000,344,348,351,352,348,349,0,0,0,0,0
50100,344,348,351,352,348,349,0,0,0,0,0
50200,344,347,351,352,348,349,0,0,0,0,0
50300,344,348,351,352,348,349,0,0,0,0,0
50400,344,348,352,353,349,349,0,0,0,0,0
50500,344,348,351,352,348,349,0,0,0,0,0
50600,344,348,352,353,348,349,0,0,0,0,0
50700,344,348,352,353,349,349,0,0,0,0,0
50800,344,348,351,352,348,349,0,0,0,0,0
50900,344,348,352,353,349,349,0,0,0,0,0
51000,344,348,352,353,349,349,0,0,0,0,0
51100,344,348,352,353,348,349,0,0,0,0,0
51200,344,348,352,353,349,349,0,0,0,0,0
51300,344,348,351,352,348,349,0,0,0,0,0
51400,344,348,352,353,349,349,0,0,0,0,0
51500,344,348,352,353,349,349,0,0,0,0,0
51600,344,348,352,352,348,349,0,0,0,0,0
51700,344,348,352,353,349,349,0,0,0,0,0
51800,345,348,352,353,349,349,0,0,0,0,0
51900,344,348,352,353,349,349,0,0,0,0,0
52000,344,348,352,353,349,349,0,0,0,0,0
52100,345,348,352,353,349,350,0,0,0,0,0
52200,344,348,352,353,349,349,0,0,0,0,0
52300,345,348,352,353,349,350,0,0,0,0,0
52400,345,348,352,353,349,350,0,0,0,0,0
52500,345,348,352,353,349,349,0,0,0,0,0
52600,345,348,352,353,349,350,0,0,0,0,0
52700,345,348,352,353,349,350,0,0,0,0,0
52800,345,348,352,353,349,350,0,0,0,0,0
52900,345,348,352,353,349,350,0,0,0,0,0
53000,345,349,352,354,349,350,0,0,0,0,0
53100,345,348,352,353,349,350,0,0,0,0,0
53200,345,349,352,353,349,350,0,0,0,0,0
53300,345,349,352,353,349,350,0,0,0,0,0
53400,345,348,352,353,349,350,0,0,0,0,0
53500,345,349,352,353,349,350,0,0,0,0,0
53600,345,349,353,354,349,350,0,0,0,0,0
53700,345,348,352,353,349,350,0,0,0,0,0
53800,345,349,352,353,349,350,0,0,0,0,0
53900,345,349,353,354,350,350,0,0,0,0,0
54000,345,349,352,353,349,350,0,0,0,0,0
54100,345,349,352,354,349,350,0,0,0,0,0
54200,345,349,353,354,350,350,0,0,0,0,0
54300,345,349,352,353,349,350,0,0,0,0,0
54400,345,349,352,353,349,350,0,0,0,0,0
54500,345,348,352,353,349,350,0,0,0,0,0
54600,345,349,352,353,349,350,0,0,0,0,0
54700,345,349,353,354,350,350,0,0,0,0,0
54800,345,349,352,353,349,350,0,0,0,0,0
54900,345,349,352,353,349,350,0,0,0,0,0
55000,345,349,353,354,350,350,0,0,0,0,0
55100,345,349,352,353,349,350,0,0,0,0,0
55200,345,349,353,354,350,350,0,0,0,0,0
55300,345,349,353,354,350,350,0,0,0,0,0
55400,345,349,352,353,349,350,0,0,0,0,0
55500,345,349,353,354,350,350,0,0,0,0,0
55600,345,349,353,354,350,350,0,0,0,0,0
55700,345,349,353,354,349,350,0,0,0,0,0
55800,345,349,353,354,350,350,0,0,0,0,0
55900,345,349,353,354,350,350,0,0,0,0,0
56000,345,349,353,354,350,350,0,0,0,0,0
56100,345,349,353,354,350,350,0,0,0,0,0
56200,345,349,353,354,350,350,0,0,0,0,0
56300,345,349,353,354,350,350,0,0,0,0,0
56400,345,349,353,354,350,350,0,0,0,0,0
56500,345,349,353,354,350,350,0,0,0,0,0
56600,345,349,353,354,350,350,0,0,0,0,0
56700,345,349,353,354,350,350,0,0,0,0,0
56800,345,349,353,354,350,350,0,0,0,0,0
56900,345,349,353,354,350,350,0,0,0,0,0
57000,345,349,353,354,350,350,0,0,0,0,0
57100,345,349,353,354,350,350,0,0,0,0,0
57200,345,349,353,354,350,350,0,0,0,0,0
57300,345,349,353,354,350,350,0,0,0,0,0
57400,346,349,353,354,350,350,0,0,0,0,0
57500,345,349,353,354,350,350,0,0,0,0,0
57600,345,349,353,354,350,350,0,0,0,0,0
57700,345,349,353,354,350,350,0,0,0,0,0
57800,345,349,353,354,350,350,0,0,0,0,0
57900,345,349,353,354,350,350,0,0,0,0,0
58000,345,349,353,354,350,350,0,0,0,0,0
58100,345,349,353,354,350,350,0,0,0,0,0
58200,345,349,353,354,350,350,0,0,0,0,0
58300,345,349,353,354,350,350,0,0,0,0,0
58400,345,349,353,354,350,350,0,0,0,0,0
58500,345,349,353,354,350,350,0,0,0,0,0
58600,345,349,353,354,350,350,0,0,0,0,0
58700,345,349,353,354,350,350,0,0,0,0,0
58800,345,349,353,354,350,351,0,0,0,0,0
58900,345,349,353,354,350,350,0,0,0,0,0
59000,345,349,353,354,350,350,0,0,0,0,0
59100,345,349,353,354,350,350,0,0,0,0,0
59200,345,349,353,354,350,350,0,0,0,0,0
59300,345,349,353,354,350,350,0,0,0,0,0
59400,345,349,353,354,350,351,0,0,0,0,0
59500,345,349,353,354,350,350,0,0,0,0,0
59600,345,349,353,354,350,350,0,0,0,0,0
59700,345,349,353,354,350,351,0,0,0,0,0
59800,345,349,353,354,350,350,0,0,0,0,0
59900,345,349,353,354,350,350,0,0,0,0,0
60000,346,349,353,354,350,350,0,0,0,0,0
60100,345,349,353,354,350,350,0,0,0,0,0
60200,345,349,353,354,350,351,0,0,0,0,0
60300,346,349,353,354,350,351,0,0,0,0,0
60400,346,349,353,354,350,351,0,0,0,0,0
60500,346,349,353,354,350,351,0,0,0,0,0
60600,346,349,353,354,350,351,0,0,0,0,0
60700,346,349,353,354,350,351,0,0,0,0,0
60800,346,350,354,355,350,351,0,0,0,0,0
60900,346,349,353,354,350,351,0,0,0,0,0
61000,346,349,353,354,350,351,0,0,0,0,0
61100,346,349,353,354,350,351,0,0,0,0,0
61200,346,349,353,354,350,351,0,0,0,0,0
61300,346,349,353,354,350,351,0,0,0,0,0
61400,346,350,353,354,350,351,0,0,0,0,0
61500,346,349,353,354,350,351,0,0,0,0,0
61600,346,349,353,354,350,351,0,0,0,0,0
61700,346,349,353,354,350,351,0,0,0,0,0
61800,346,349,353,354,350,351,0,0,0,0,0
61900,346,349,353,354,350,351,0,0,0,0,0
62000,346,349,353,354,350,351,0,0,0,0,0
62100,346,349,353,354,350,351,0,0,0,0,0
62200,346,349,353,354,350,351,0,0,0,0,0
62300,346,349,353,354,350,351,0,0,0,0,0
62400,346,349,353,354,350,351,0,0,0,0,0
62500,346,349,353,354,350,351,0,0,0,0,0
62600,346,349,353,354,350,351,0,0,0,0,0
62700,346,349,353,354,350,351,0,0,0,0,0
62800,346,349,353,354,350,351,0,0,0,0,0
62900,345,349,353,354,350,351,0,0,0,0,0
63000,345,349,353,354,350,351,0,0,0,0,0
63100,345,349,353,354,350,351,0,0,0,0,0
63200,345,349,353,354,350,351,0,0,0,0,0
63300,345,349,353,354,350,350,0,0,0,0,0
63400,345,349,353,354,350,350,0,0,0,0,0
63500,345,349,353,354,350,350,0,0,0,0,0
63600,345,349,353,354,350,350,0,0,0,0,0
63700,345,349,353,354,350,350,0,0,0,0,0
63800,345,349,353,354,349,350,0,0,0,0,0
63900,345,349,353,354,349,350,0,0,0,0,0
64000,345,349,353,354,349,350,0,0,0,0,0
64100,345,349,353,354,349,350,0,0,0,0,0
64200,345,349,353,354,350,350,0,0,0,0,0
64300,345,349,353,354,350,350,0,0,0,0,0
64400,346,349,353,354,350,350,0,0,0,0,0
64500,346,349,353,354,350,351,0,0,0,0,0
64600,346,349,353,354,350,351,0,0,0,0,0
64700,346,349,353,354,350,351,0,0,0,0,0
64800,346,349,353,354,350,351,0,0,0,0,0
64900,345,349,353,354,350,351,0,0,0,0,0
65000,346,349,353,354,350,351,0,0,0,0,0
65100,346,349,353,354,350,351,0,0,0,0,0
65200,346,349,353,354,350,351,0,0,0,0,0
65300,345,349,353,354,350,351,0,0,0,0,0
65400,345,349,353,354,350,351,0,0,0,0,0
65500,345,349,353,354,350,351,0,0,0,0,0
65600,345,349,353,354,350,351,0,0,0,0,0
65700,345,349,353,354,350,351,0,0,0,0,0
65800,346,349,353,354,350,351,0,0,0,0,0
65900,346,349,353,354,350,351,0,0,0,0,0
66000,345,349,353,354,350,351,0,0,0,0,0
66100,345,349,353,354,350,351,0,0,0,0,0
66200,345,349,353,354,350,351,0,0,0,0,0
66300,345,349,353,354,350,351,0,0,0,0,0
66400,345,349,353,354,350,350,0,0,0,0,0
66500,345,349,353,354,349,350,0,0,0,0,0
66600,345,349,353,354,350,351,0,0,0,0,0
66700,345,349,353,354,350,350,0,0,0,0,0
66800,345,349,353,354,350,350,0,0,0,0,0
66900,345,349,353,354,350,350,0,0,0,0,0
67000,345,349,353,354,350,350,0,0,0,0,0
67100,345,349,353,354,350,350,0,0,0,0,0
67200,345,349,353,354,350,350,0,0,0,0,0
67300,345,349,353,354,350,350,0,0,0,0,0
67400,345,349,353,354,350,350,0,0,0,0,0
67500,345,349,353,354,350,350,0,0,0,0,0
67600,345,349,353,354,350,350,0,0,0,0,0
67700,345,349,353,354,350,350,0,0,0,0,0
67800,345,349,353,354,350,350,0,0,0,0,0
67900,345,349,353,354,350,350,0,0,0,0,0
68000,345,349,353,354,350,350,0,0,0,0,0
68100,345,349,353,354,349,350,0,0,0,0,0
68200,345,349,353,354,350,351,0,0,0,0,0
68300,345,349,353,354,350,350,0,0,0,0,0
68400,345,349,353,354,350,350,0,0,0,0,0
68500,345,349,353,354,350,350,0,0,0,0,0
68600,345,349,353,354,350,350,0,0,0,0,0
68700,345,349,352,353,349,350,0,0,0,0,0
68800,345,349,353,354,350,350,0,0,0,0,0
68900,345,349,353,354,350,350,0,0,0,0,0
69000,345,349,352,353,349,350,0,0,0,0,0
69100,345,349,353,354,350,350,0,0,0,0,0
69200,345,349,352,353,349,350,0,0,0,0,0
69300,345,348,352,353,349,350,0,0,0,0,0
69400,345,349,352,353,349,350,0,0,0,0,0
69500,345,349,352,353,349,350,0,0,0,0,0
69600,345,348,352,353,349,350,0,0,0,0,0
69700,345,349,352,353,349,350,0,0,0,0,0
69800,345,348,352,353,349,350,0,0,0,0,0
69900,345,348,352,353,349,350,0,0,0,0,0
70000,345,348,352,353,349,350,0,0,0,0,0
70100,344,348,352,353,349,350,0,0,0,0,0
70200,344,348,352,353,349,350,0,0,0,0,0
70300,344,348,352,353,349,350,0,0,0,0,0
70400,344,348,352,353,349,350,0,0,0,0,0
70500,344,348,352,353,349,350,0,0,0,0,0
70600,344,348,352,353,349,350,0,0,0,0,0
70700,344,348,352,353,349,349,0,0,0,0,0
70800,344,348,352,353,349,350,0,0,0,0,0
70900,344,348,352,353,349,349,0,0,0,0,0
71000,344,348,352,353,349,349,0,0,0,0,0
71100,344,348,352,353,349,350,0,0,0,0,0
71200,344,348,352,353,349,350,0,0,0,0,0
71300,344,348,352,353,349,349,0,0,0,0,0
71400,344,348,352,353,349,350,0,0,0,0,0
71500,344,348,352,353,349,349,0,0,0,0,0
71600,344,348,352,353,348,349,0,0,0,0,0
71700,344,348,352,353,349,350,0,0,0,0,0
71800,344,348,352,353,349,349,0,0,0,0,0
71900,344,348,352,353,348,349,0,0,0,0,0
72000,344,348,352,353,349,349,0,0,0,0,0
72100,344,348,352,353,349,349,0,0,0,0,0
72200,344,348,351,352,348,349,0,0,0,0,0
72300,344,348,352,353,349,349,0,0,0,0,0
72400,344,348,352,353,349,349,0,0,0,0,0
72500,344,348,351,352,348,349,0,0,0,0,0
72600,344,348,352,353,349,349,0,0,0,0,0
72700,344,348,352,353,349,349,0,0,0,0,0
72800,344,348,351,352,348,349,0,0,0,0,0
72900,344,348,352,353,349,349,0,0,0,0,0
73000,344,348,352,353,349,349,0,0,0,0,0
73100,344,348,351,352,348,349,0,0,0,0,0
73200,344,348,352,353,349,349,0,0,0,0,0
73300,344,348,351,352,348,349,0,0,0,0,0
73400,344,348,351,352,348,349,0,0,0,0,0
73500,344,348,351,352,348,349,0,0,0,0,0
73600,344,348,351,352,348,349,0,0,0,0,0
73700,344,348,351,352,348,349,0,0,0,0,0
73800,344,348,351,352,348,349,0,0,0,0,0
73900,344,348,351,352,348,349,0,0,0,0,0
74000,344,348,351,352,348,349,0,0,0,0,0
74100,344,347,351,352,348,349,0,0,0,0,0
74200,344,348,351,352,348,349,0,0,0,0,0
74300,344,347,351,352,348,349,0,0,0,0,0
74400,344,347,351,352,348,349,0,0,0,0,0
74500,344,347,351,352,348,349,0,0,0,0,0
74600,344,347,351,352,348,349,0,0,0,0,0
74700,344,347,351,352,348,349,0,0,0,0,0
74800,344,347,351,352,348,349,0,0,0,0,0
74900,344,347,351,352,348,349,0,0,0,0,0
75000,344,347,351,352,348,349,0,0,0,0,0
75100,344,347,351,352,348,349,0,0,0,0,0
75200,344,347,351,352,348,349,0,0,0,0,0
75300,344,347,351,352,348,349,0,0,0,0,0
75400,344,347,351,352,348,349,0,0,0,0,0
75500,344,347,351,352,348,349,0,0,0,0,0
75600,344,347,351,352,348,349,0,0,0,0,0
75700,343,347,351,352,348,349,0,0,0,0,0
75800,343,347,351,352,348,349,0,0,0,0,0
75900,343,347,351,352,348,349,0,0,0,0,0
76000,343,347,351,352,348,348,0,0,0,0,0
76100,343,347,351,352,348,349,0,0,0,0,0
76200,343,347,351,352,348,349,0,0,0,0,0
76300,343,347,351,352,348,349,0,0,0,0,0
76400,343,347,351,352,348,349,0,0,0,0,0
76500,343,347,351,352,348,349,0,0,0,0,0
76600,343,347,351,352,348,348,0,0,0,0,0
76700,343,347,351,352,348,349,0,0,0,0,0
76800,343,347,351,352,348,349,0,0,0,0,0
76900,343,347,351,352,348,349,0,0,0,0,0
77000,343,347,351,352,348,349,0,0,0,0,0
77100,343,347,351,352,348,348,0,0,0,0,0
77200,343,347,351,352,348,349,0,0,0,0,0
77300,343,347,351,352,348,348,0,0,0,0,0
77400,343,347,351,352,348,348,0,0,0,0,0
77500,343,347,351,352,348,349,0,0,0,0,0
77600,343,347,351,352,348,348,0,0,0,0,0
77700,343,347,351,352,348,348,0,0,0,0,0
77800,343,347,351,352,348,349,0,0,0,0,0
77900,343,347,351,352,348,348,0,0,0,0,0
78000,343,347,351,352,348,349,0,0,0,0,0
78100,343,347,351,352,348,349,0,0,0,0,0
78200,343,347,351,352,348,348,0,0,0,0,0
78300,343,347,351,352,348,348,0,0,0,0,0
78400,343,347,351,352,348,348,0,0,0,0,0
78500,343,347,351,352,348,348,0,0,0,0,0
78600,343,347,351,352,348,348,0,0,0,0,0
78700,343,347,351,352,348,348,0,0,0,0,0
78800,343,347,351,352,348,348,0,0,0,0,0
78900,343,347,351,352,348,348,0,0,0,0,0
79000,343,347,351,352,348,348,0,0,0,0,0
79100,343,347,351,352,348,348,0,0,0,0,0
79200,343,347,351,352,348,348,0,0,0,0,0
79300,343,347,351,352,348,348,0,0,0,0,0
79400,343,347,351,352,347,348,0,0,0,0,0
79500,343,347,350,351,347,348,0,0,0,0,0
79600,342,345,349,350,346,347,0,0,0,0,0
79700,338,341,344,345,340,342,0,0,0,0,0
79800,334,335,338,339,334,336,0,0,0,0,0
79900,329,331,334,334,329,331,0,0,0,0,0
80000,325,327,330,330,325,328,0,0,0,0,0
80100,312,310,312,312,306,310,0,0,0,0,0
80200,297,295,296,295,289,293,0,0,0,0,0
80300,291,291,293,292,286,290,0,0,0,0,0
80400,359,384,394,398,393,389,0,0,0,0,0
80500,366,376,381,382,377,371,0,0,0,0,0
80600,369,375,379,379,375,372,0,0,0,0,0
80700,378,386,391,393,391,389,0,0,0,0,0
80800,365,366,369,370,366,366,0,0,0,0,0
80900,363,366,370,373,370,370,0,0,0,0,0
81000,346,344,347,347,344,346,0,0,0,0,0
81100,332,330,333,333,329,333,0,0,0,0,0
81200,323,323,325,326,321,325,0,0,0,0,0
81300,320,322,325,325,320,323,0,0,0,0,0
81400,321,324,327,327,321,324,0,0,0,0,0
81500,326,330,334,334,328,330,0,0,0,0,0
81600,329,334,337,337,332,333,0,0,0,0,0
81700,333,338,341,342,337,337,0,0,0,0,0
81800,334,338,341,342,337,337,0,0,0,0,0
81900,332,335,338,338,334,335,0,0,0,0,0
82000,331,334,337,338,333,334,0,0,0,0,0
82100,333,337,340,341,336,337,0,0,0,0,0
82200,335,339,343,343,338,339,0,0,0,0,0
82300,337,341,344,345,340,341,0,0,0,0,0
82400,338,342,345,346,341,342,0,0,0,0,0
82500,339,343,346,347,342,343,0,0,0,0,0
82600,339,343,346,347,343,343,0,0,0,0,0
82700,340,344,347,348,344,344,0,0,0,0,0
82800,341,345,348,349,345,345,0,0,0,0,0
82900,342,346,349,350,346,346,0,0,0,0,0
83000,343,347,350,351,347,348,0,0,0,0,0
83100,343,346,350,351,346,347,0,0,0,0,0
83200,343,346,350,351,347,348,0,0,0,0,0
83300,342,346,350,351,347,348,0,0,0,0,0
83400,343,346,350,351,347,348,0,0,0,0,0
83500,343,347,350,352,347,348,0,0,0,0,0
83600,342,346,349,350,346,347,0,0,0,0,0
83700,342,346,349,350,346,347,0,0,0,0,0
83800,342,345,349,349,345,346,0,0,0,0,0
83900,342,346,349,350,346,347,0,0,0,0,0
84000,342,346,350,350,346,347,0,0,0,0,0
84100,344,348,352,353,348,349,0,0,0,0,0
84200,346,350,354,355,351,351,0,0,0,0,0
84300,347,351,355,356,352,352,0,0,0,0,0
84400,346,350,354,355,351,352,0,0,0,0,0
84500,346,349,353,354,350,351,0,0,0,0,0
84600,344,348,351,352,348,349,0,0,0,0,0
84700,343,346,350,351,347,348,0,0,0,0,0
84800,342,346,349,350,346,348,0,0,0,0,0
84900,342,346,349,351,346,347,0,0,0,0,0
85000,342,346,349,350,346,347,0,0,0,0,0
85100,342,346,349,350,346,347,0,0,0,0,0
85200,342,346,350,351,346,347,0,0,0,0,0
85300,342,346,349,350,346,347,0,0,0,0,0
85400,342,346,349,350,346,347,0,0,0,0,0
85500,342,346,349,350,346,347,0,0,0,0,0
85600,342,346,350,351,346,347,0,0,0,0,0
85700,342,346,350,351,346,347,0,0,0,0,0
85800,343,347,350,351,347,348,0,0,0,0,0
85900,343,346,350,351,347,347,0,0,0,0,0
86000,343,346,350,351,346,347,0,0,0,0,0
86100,342,346,350,351,346,347,0,0,0,0,0
86200,343,346,350,351,346,347,0,0,0,0,0
86300,343,346,350,351,347,348,0,0,0,0,0
86400,343,346,350,351,347,348,0,0,0,0,0
86500,343,346,350,351,347,347,0,0,0,0,0
86600,343,346,350,351,347,348,0,0,0,0,0
86700,343,347,350,351,347,348,0,0,0,0,0
86800,343,346,350,351,347,348,0,0,0,0,0
86900,343,346,350,351,347,348,0,0,0,0,0
87000,343,347,350,351,347,348,0,0,0,0,0
87100,343,346,350,351,347,348,0,0,0,0,0
87200,343,346,350,351,347,348,0,0,0,0,0
87300,343,347,351,351,347,348,0,0,0,0,0
87400,343,347,350,351,347,348,0,0,0,0,0
87500,343,347,351,351,347,348,0,0,0,0,0
87600,343,347,351,352,347,348,0,0,0,0,0
87700,343,347,350,351,347,348,0,0,0,0,0
87800,343,347,351,351,347,348,0,0,0,0,0
87900,344,347,351,352,347,348,0,0,0,0,0
88000,343,347,351,351,347,348,0,0,0,0,0
88100,343,347,351,351,347,348,0,0,0,0,0
88200,344,347,351,352,348,349,0,0,0,0,0
88300,343,347,351,352,347,348,0,0,0,0,0
88400,344,348,351,352,348,348,0,0,0,0,0
88500,344,348,351,352,348,349,0,0,0,0,0
88600,344,347,351,352,348,349,0,0,0,0,0
88700,344,348,352,353,349,350,0,0,0,0,0
88800,345,348,352,353,349,350,0,0,0,0,0
88900,343,346,350,351,347,348,0,0,0,0,0
89000,342,346,349,350,346,347,0,0,0,0,0
89100,342,346,350,351,346,347,0,0,0,0,0
89200,343,347,350,351,347,348,0,0,0,0,0
89300,344,347,351,352,348,349,0,0,0,0,0
89400,344,348,351,352,348,349,0,0,0,0,0
89500,344,348,351,352,348,349,0,0,0,0,0
89600,344,348,352,353,348,349,0,0,0,0,0
89700,344,347,351,352,348,349,0,0,0,0,0
89800,344,348,352,353,348,349,0,0,0,0,0
89900,344,348,352,353,349,349,0,0,0,0,0
90000,344,347,351,352,348,348,0,0,0,0,0
90100,343,347,350,351,347,348,0,0,0,0,0
90200,343,347,350,351,347,348,0,0,0,0,0
90300,343,346,350,351,346,347,0,0,0,0,0
90400,343,346,350,351,347,348,0,0,0,0,0
90500,343,346,350,351,347,348,0,0,0,0,0
90600,343,346,350,351,347,347,0,0,0,0,0
90700,343,347,351,352,348,348,0,0,0,0,0
90800,344,347,351,352,348,349,0,0,0,0,0
90900,344,347,351,352,348,348,0,0,0,0,0
91000,346,350,354,355,351,351,0,0,0,0,0
91100,346,350,354,355,351,352,0,0,0,0,0
91200,346,349,353,354,350,350,0,0,0,0,0
91300,344,348,351,352,348,349,0,0,0,0,0
91400,345,348,352,353,349,350,0,0,0,0,0
91500,345,348,352,353,349,350,0,0,0,0,0
91600,345,348,352,353,349,350,0,0,0,0,0
91700,345,348,352,353,349,350,0,0,0,0,0
91800,344,347,351,352,348,349,0,0,0,0,0
91900,344,347,351,352,348,349,0,0,0,0,0
92000,344,347,351,352,348,348,0,0,0,0,0
92100,343,347,351,352,348,348,0,0,0,0,0
92200,344,347,351,352,348,348,0,0,0,0,0
92300,344,348,351,352,348,349,0,0,0,0,0
92400,344,347,351,352,348,349,0,0,0,0,0
92500,345,348,352,353,349,350,0,0,0,0,0
92600,344,348,352,353,349,349,0,0,0,0,0
92700,344,347,351,352,348,348,0,0,0,0,0
92800,344,348,352,353,348,349,0,0,0,0,0
92900,344,347,351,352,348,348,0,0,0,0,0
93000,344,348,351,352,348,349,0,0,0,0,0
93100,344,347,351,352,348,349,0,0,0,0,0
93200,344,347,351,352,348,349,0,0,0,0,0
93300,344,347,351,352,348,349,0,0,0,0,0
93400,344,347,351,352,348,349,0,0,0,0,0
93500,343,346,350,351,347,348,0,0,0,0,0
93600,343,347,351,352,347,348,0,0,0,0,0
93700,344,348,352,353,349,350,0,0,0,0,0
93800,344,348,351,352,348,349,0,0,0,0,0
93900,344,348,352,353,349,349,0,0,0,0,0
94000,345,348,352,353,349,350,0,0,0,0,0
94100,345,349,352,353,349,350,0,0,0,0,0
94200,344,348,351,352,348,349,0,0,0,0,0
94300,344,348,352,353,349,350,0,0,0,0,0
94400,344,348,351,352,348,349,0,0,0,0,0
94500,344,348,352,353,349,350,0,0,0,0,0
94600,344,348,352,353,349,349,0,0,0,0,0
94700,344,348,352,352,348,349,0,0,0,0,0
94800,344,348,352,353,349,349,0,0,0,0,0
94900,345,349,352,353,349,350,0,0,0,0,0
95000,345,348,352,353,349,349,0,0,0,0,0
95100,344,348,352,352,348,349,0,0,0,0,0
95200,344,348,352,353,348,349,0,0,0,0,0
95300,344,348,351,352,348,349,0,0,0,0,0
95400,344,348,352,353,349,350,0,0,0,0,0
95500,344,348,352,353,349,349,0,0,0,0,0
95600,344,348,352,353,349,349,0,0,0,0,0
95700,345,348,352,353,349,349,0,0,0,0,0
95800,345,348,352,353,349,349,0,0,0,0,0
95900,345,348,352,353,349,349,0,0,0,0,0
96000,345,348,352,353,349,350,0,0,0,0,0
96100,344,348,352,353,349,349,0,0,0,0,0
96200,345,348,352,353,349,350,0,0,0,0,0
96300,345,348,352,353,349,350,0,0,0,0,0
96400,345,348,352,353,349,349,0,0,0,0,0
96500,345,349,352,353,349,350,0,0,0,0,0
96600,345,349,352,353,349,350,0,0,0,0,0
96700,345,348,352,353,349,350,0,0,0,0,0
96800,345,348,352,353,349,350,0,0,0,0,0
96900,345,349,353,354,350,350,0,0,0,0,0
97000,345,348,352,353,349,350,0,0,0,0,0
97100,345,349,352,354,349,350,0,0,0,0,0
97200,345,349,353,354,350,350,0,0,0,0,0
97300,345,349,353,354,350,350,0,0,0,0,0
97400,345,349,352,353,349,350,0,0,0,0,0
97500,345,349,353,354,349,350,0,0,0,0,0
97600,345,349,352,353,349,350,0,0,0,0,0
97700,345,349,353,354,350,350,0,0,0,0,0
97800,346,349,353,354,350,351,0,0,0,0,0
97900,345,349,353,354,350,350,0,0,0,0,0
98000,345,349,353,354,349,350,0,0,0,0,0
98100,345,349,353,354,350,350,0,0,0,0,0
98200,345,349,352,353,349,350,0,0,0,0,0
98300,345,349,352,353,349,350,0,0,0,0,0
98400,345,349,352,354,349,350,0,0,0,0,0
98500,345,348,352,353,349,350,0,0,0,0,0
98600,345,348,352,353,349,350,0,0,0,0,0
98700,345,348,352,353,349,350,0,0,0,0,0
98800,345,348,352,353,349,350,0,0,0,0,0
98900,345,349,353,354,350,350,0,0,0,0,0
99000,345,349,353,354,350,350,0,0,0,0,0
99100,345,349,353,354,350,350,0,0,0,0,0
99200,346,350,353,354,350,351,0,0,0,0,0
99300,346,349,353,354,350,351,0,0,0,0,0
99400,346,349,353,354,350,351,0,0,0,0,0
99500,346,349,353,354,350,351,0,0,0,0,0
99600,345,349,353,354,350,350,0,0,0,0,0
99700,345,349,353,354,350,351,0,0,0,0,0
99800,346,350,354,355,351,351,0,0,0,0,0
99900,346,350,353,354,350,351,0,0,0,0,0
100000,346,350,354,355,351,351,0,0,0,0,0
100100,346,349,353,354,350,351,0,0,0,0,0
100200,346,349,353,354,350,351,0,0,0,0,0
100300,345,349,353,354,350,350,0,0,0,0,0
100400,346,350,353,354,350,351,0,0,0,0,0
100500,346,349,353,354,350,351,0,0,0,0,0
100600,346,350,353,355,351,351,0,0,0,0,0
100700,346,349,353,354,350,351,0,0,0,0,0
100800,345,349,353,354,350,350,0,0,0,0,0
100900,345,349,353,354,350,350,0,0,0,0,0
101000,345,349,353,354,350,351,0,0,0,0,0
101100,345,349,353,354,350,350,0,0,0,0,0
101200,345,349,353,354,350,351,0,0,0,0,0
101300,346,349,353,354,350,351,0,0,0,0,0
101400,345,349,352,353,349,350,0,0,0,0,0
101500,345,349,353,354,350,350,0,0,0,0,0
101600,345,349,353,354,350,350,0,0,0,0,0
101700,346,349,353,354,350,351,0,0,0,0,0
101800,345,349,352,353,349,350,0,0,0,0,0
101900,345,349,353,354,350,351,0,0,0,0,0
102000,346,350,354,355,351,351,0,0,0,0,0
102100,346,350,354,355,351,351,0,0,0,0,0
102200,346,350,354,355,350,351,0,0,0,0,0
102300,346,350,354,355,350,351,0,0,0,0,0
102400,346,349,353,354,350,351,0,0,0,0,0
102500,345,349,353,354,350,350,0,0,0,0,0
102600,345,349,353,354,350,351,0,0,0,0,0
102700,345,349,353,354,350,351,0,0,0,0,0
102800,345,349,353,354,350,350,0,0,0,0,0
102900,345,349,353,354,350,350,0,0,0,0,0
103000,345,349,353,354,350,350,0,0,0,0,0
103100,345,349,353,354,350,350,0,0,0,0,0
103200,345,349,353,354,350,350,0,0,0,0,0
103300,345,349,353,354,350,350,0,0,0,0,0
103400,345,349,353,354,350,350,0,0,0,0,0
103500,345,349,353,354,349,350,0,0,0,0,0
103600,345,349,353,354,350,350,0,0,0,0,0
103700,345,349,353,354,350,351,0,0,0,0,0
103800,345,349,353,354,350,350,0,0,0,0,0
103900,345,349,353,354,350,350,0,0,0,0,0
104000,345,349,353,354,350,350,0,0,0,0,0
104100,345,349,353,354,350,350,0,0,0,0,0
104200,345,349,353,354,349,350,0,0,0,0,0
104300,345,349,353,354,350,351,0,0,0,0,0
104400,345,349,353,354,350,351,0,0,0,0,0
104500,346,349,353,354,350,351,0,0,0,0,0
104600,346,350,354,355,350,351,0,0,0,0,0
104700,346,350,354,355,351,351,0,0,0,0,0
104800,346,350,353,354,350,351,0,0,0,0,0
104900,345,349,353,354,350,351,0,0,0,0,0
105000,345,349,353,354,350,351,0,0,0,0,0
105100,345,349,353,354,350,350,0,0,0,0,0
105200,345,349,353,354,350,351,0,0,0,0,0
105300,347,351,355,356,352,352,0,0,0,0,0
105400,347,351,355,356,352,352,0,0,0,0,0
105500,346,350,354,355,351,352,0,0,0,0,0
105600,346,350,353,354,350,351,0,0,0,0,0
105700,345,349,353,354,350,351,0,0,0,0,0
105800,345,349,353,354,350,350,0,0,0,0,0
105900,345,349,353,354,350,350,0,0,0,0,0
106000,345,349,352,353,349,350,0,0,0,0,0
106100,345,348,352,353,349,350,0,0,0,0,0
106200,345,348,352,353,349,350,0,0,0,0,0
106300,345,348,352,353,349,350,0,0,0,0,0
106400,345,349,353,354,349,350,0,0,0,0,0
106500,345,349,353,354,350,350,0,0,0,0,0
106600,345,349,353,354,350,350,0,0,0,0,0
106700,345,349,353,354,350,350,0,0,0,0,0
106800,345,349,353,354,350,350,0,0,0,0,0
106900,345,349,353,354,350,351,0,0,0,0,0
107000,345,349,353,354,350,351,0,0,0,0,0
107100,346,350,353,355,351,351,0,0,0,0,0
107200,346,350,354,355,351,351,0,0,0,0,0
107300,346,350,354,355,351,351,0,0,0,0,0
107400,346,349,353,354,350,351,0,0,0,0,0
107500,346,349,353,354,350,351,0,0,0,0,0
107600,346,350,353,355,351,351,0,0,0,0,0
107700,346,350,354,355,351,351,0,0,0,0,0
107800,346,349,353,354,350,351,0,0,0,0,0
107900,346,349,353,354,350,351,0,0,0,0,0
108000,346,349,353,354,350,351,0,0,0,0,0
108100,345,349,353,354,349,350,0,0,0,0,0
108200,345,348,352,353,349,350,0,0,0,0,0
108300,345,349,352,353,349,350,0,0,0,0,0
108400,345,349,352,353,349,350,0,0,0,0,0
108500,345,349,352,353,349,350,0,0,0,0,0
108600,345,349,353,354,349,350,0,0,0,0,0
108700,345,349,352,353,349,350,0,0,0,0,0
108800,345,349,353,354,349,350,0,0,0,0,0
108900,345,349,353,354,349,350,0,0,0,0,0
109000,345,349,353,354,350,350,0,0,0,0,0
109100,345,349,353,354,350,350,0,0,0,0,0
109200,345,349,352,353,349,350,0,0,0,0,0
109300,345,349,352,353,349,350,0,0,0,0,0
109400,345,349,353,354,350,350,0,0,0,0,0
109500,345,349,353,354,349,350,0,0,0,0,0
109600,345,349,353,354,350,350,0,0,0,0,0
109700,345,349,353,354,350,350,0,0,0,0,0
109800,345,349,353,354,350,350,0,0,0,0,0
109900,345,348,352,353,349,350,0,0,0,0,0
110000,347,351,355,356,352,352,0,0,0,0,0
110100,347,351,355,356,352,352,0,0,0,0,0
110200,347,351,354,356,352,352,0,0,0,0,0
110300,345,348,351,352,348,349,0,0,0,0,0
110400,341,343,347,347,343,344,0,0,0,0,0
110500,335,337,340,341,336,338,0,0,0,0,0
110600,329,331,334,334,329,331,0,0,0,0,0
110700,328,331,334,334,329,331,0,0,0,0,0
110800,330,334,337,338,333,335,0,0,0,0,0
110900,327,330,333,333,328,329,0,0,0,0,0
111000,323,325,328,328,322,324,0,0,0,0,0
111100,320,322,324,324,319,321,0,0,0,0,0
111200,316,318,321,321,315,318,0,0,0,0,0
111300,308,308,310,309,303,306,0,0,0,0,0
111400,314,318,322,322,316,318,0,0,0,0,0
111500,314,318,321,321,315,316,0,0,0,0,0
111600,324,330,334,334,328,329,0,0,0,0,0
111700,366,383,390,393,387,384,0,0,0,0,0
111800,384,396,401,403,399,394,0,0,0,0,0
111900,387,394,398,400,396,393,0,0,0,0,0
112000,378,380,383,384,380,380,0,0,0,0,0
112100,362,361,363,363,360,363,0,0,0,0,0
112200,350,349,352,353,350,354,0,0,0,0,0
112300,336,335,338,339,335,339,0,0,0,0,0
112400,329,330,333,334,330,333,0,0,0,0,0
112500,321,322,325,325,321,324,0,0,0,0,0
112600,310,309,312,311,306,309,0,0,0,0,0
112700,310,312,315,314,309,312,0,0,0,0,0
112800,312,316,319,319,313,315,0,0,0,0,0
112900,317,321,325,324,318,320,0,0,0,0,0
113000,320,324,327,327,321,322,0,0,0,0,0
113100,320,323,326,326,320,321,0,0,0,0,0
113200,323,327,330,330,325,326,0,0,0,0,0
113300,324,328,331,330,325,326,0,0,0,0,0
113400,327,331,334,334,329,330,0,0,0,0,0
113500,330,334,337,337,332,333,0,0,0,0,0
113600,332,336,339,339,334,335,0,0,0,0,0
113700,333,337,340,340,335,336,0,0,0,0,0
113800,335,338,342,342,337,338,0,0,0,0,0
113900,335,338,342,342,337,338,0,0,0,0,0
114000,336,340,344,344,339,340,0,0,0,0,0
114100,338,342,345,346,341,342,0,0,0,0,0
114200,339,343,346,347,342,343,0,0,0,0,0
114300,340,343,347,348,343,344,0,0,0,0,0
114400,341,345,348,349,344,345,0,0,0,0,0
114500,341,345,348,349,345,345,0,0,0,0,0
114600,342,345,349,350,345,346,0,0,0,0,0
114700,342,346,350,351,346,347,0,0,0,0,0
114800,343,346,350,351,347,347,0,0,0,0,0
114900,343,347,351,351,347,348,0,0,0,0,0
115000,344,347,351,352,348,348,0,0,0,0,0
115100,344,347,351,352,348,348,0,0,0,0,0
115200,344,348,351,352,348,349,0,0,0,0,0
115300,344,348,351,352,348,349,0,0,0,0,0
115400,344,348,352,353,348,349,0,0,0,0,0
115500,344,348,352,353,349,349,0,0,0,0,0
115600,344,348,352,353,349,349,0,0,0,0,0
115700,345,349,352,353,349,350,0,0,0,0,0
115800,345,349,353,354,349,350,0,0,0,0,0
115900,345,349,352,353,349,350,0,0,0,0,0
116000,345,349,353,354,350,350,0,0,0,0,0
116100,345,349,353,354,350,350,0,0,0,0,0
116200,345,349,353,354,350,350,0,0,0,0,0
116300,346,350,353,354,350,351,0,0,0,0,0
116400,346,349,353,354,350,351,0,0,0,0,0
116500,346,349,353,354,350,351,0,0,0,0,0
116600,346,349,353,354,350,351,0,0,0,0,0
116700,346,350,353,354,350,351,0,0,0,0,0
116800,346,349,353,354,350,351,0,0,0,0,0
116900,346,350,353,354,350,351,0,0,0,0,0
117000,346,350,353,354,350,351,0,0,0,0,0
117100,346,350,354,355,351,351,0,0,0,0,0
117200,346,349,353,354,350,350,0,0,0,0,0
117300,346,350,353,354,350,351,0,0,0,0,0
117400,346,350,354,355,351,351,0,0,0,0,0
117500,346,350,354,355,351,352,0,0,0,0,0
117600,346,350,354,355,351,351,0,0,0,0,0
117700,347,351,355,356,352,353,0,0,0,0,0
117800,347,351,354,356,352,352,0,0,0,0,0
117900,347,351,355,356,352,352,0,0,0,0,0
118000,348,352,356,357,352,353,0,0,0,0,0
118100,349,353,357,358,354,355,0,0,0,0,0
118200,348,352,356,357,353,354,0,0,0,0,0
118300,350,355,359,360,356,356,0,0,0,0,0
118400,347,350,353,354,350,351,0,0,0,0,0
118500,347,350,354,355,351,352,0,0,0,0,0
118600,348,352,356,358,354,354,0,0,0,0,0
118700,353,359,363,365,360,360,0,0,0,0,0
118800,351,355,358,360,355,356,0,0,0,0,0
118900,355,361,365,367,363,363,0,0,0,0,0
119000,362,368,373,375,371,371,0,0,0,0,0
119100,361,365,369,370,367,366,0,0,0,0,0
119200,366,371,376,378,375,374,0,0,0,0,0
119300,378,386,392,394,391,389,0,0,0,0,0
119400,381,387,392,394,392,390,0,0,0,0,0
119500,396,406,412,416,413,410,0,0,0,0,0
119600,359,352,354,355,353,354,0,0,0,0,0
119700,348,347,351,353,350,353,0,0,0,0,0
119800,348,351,355,357,354,356,0,0,0,0,0
119900,362,371,377,379,376,375,0,0,0,0,0
120000,397,413,421,425,422,417,0,0,0,0,0
120100,410,421,427,430,428,422,0,0,0,0,0
120200,417,426,431,435,433,428,0,0,0,0,0
120300,419,425,430,434,432,429,0,0,0,0,0
120400,414,417,423,426,426,423,0,0,0,0,0
120500,403,404,409,413,413,412,0,0,0,0,0
120600,363,355,357,359,358,361,0,0,0,0,0
120700,328,319,321,321,317,324,0,0,0,0,0
120800,300,293,294,294,289,296,0,0,0,0,0
120900,295,295,298,297,291,298,0,0,0,0,0
121000,284,282,284,282,274,280,0,0,0,0,0
121100,305,313,317,317,310,312,0,0,0,0,0
121200,345,362,368,370,365,362,0,0,0,0,0
121300,327,328,329,328,322,322,0,0,0,0,0
121400,325,327,330,329,322,324,0,0,0,0,0
121500,296,289,289,287,282,287,0,0,0,0,0
121600,314,320,325,326,321,324,0,0,0,0,0
121700,331,340,345,347,342,341,0,0,0,0,0
121800,327,330,332,332,326,326,0,0,0,0,0
121900,327,331,333,333,327,329,0,0,0,0,0
122000,330,334,337,337,331,333,0,0,0,0,0
122100,323,325,327,326,320,323,0,0,0,0,0
122200,288,280,279,275,268,275,0,0,0,0,0
122300,273,268,269,266,257,266,0,0,0,0,0
122400,274,275,277,275,266,273,0,0,0,0,0
122500,232,221,218,212,200,211,0,0,0,0,0
122600,235,234,234,229,215,225,0,0,0,0,0
122700,261,269,272,270,260,265,0,0,0,0,0
122800,282,292,295,292,283,284,0,0,0,0,0
122900,303,313,316,315,307,307,0,0,0,0,0
123000,295,297,297,294,285,288,0,0,0,0,0
123100,291,292,293,290,282,286,0,0,0,0,0
123200,307,314,317,316,309,311,0,0,0,0,0
123300,329,340,344,344,338,338,0,0,0,0,0
123400,331,337,339,339,333,333,0,0,0,0,0
123500,335,340,343,343,337,338,0,0,0,0,0
123600,344,351,355,356,351,351,0,0,0,0,0
123700,354,361,366,367,363,362,0,0,0,0,0
123800,357,363,367,368,364,364,0,0,0,0,0
123900,346,347,350,350,345,347,0,0,0,0,0
124000,338,339,342,342,337,340,0,0,0,0,0
124100,338,341,345,345,341,343,0,0,0,0,0
124200,340,344,348,348,344,345,0,0,0,0,0
124300,342,347,351,352,347,348,0,0,0,0,0
124400,344,349,352,353,349,349,0,0,0,0,0
124500,345,349,352,353,349,349,0,0,0,0,0
124600,346,350,353,354,350,350,0,0,0,0,0
124700,350,355,359,360,356,356,0,0,0,0,0
124800,357,363,367,369,365,365,0,0,0,0,0
124900,359,364,369,370,367,366,0,0,0,0,0
125000,343,342,344,344,340,342,0,0,0,0,0
125100,314,308,308,307,301,307,0,0,0,0,0
125200,305,304,306,305,298,305,0,0,0,0,0
125300,333,344,350,352,347,348,0,0,0,0,0
125400,377,396,405,409,406,400,0,0,0,0,0
125500,400,415,422,426,424,415,0,0,0,0,0
125600,389,392,395,396,393,389,0,0,0,0,0
125700,382,384,387,389,387,386,0,0,0,0,0
125800,371,372,375,377,375,376,0,0,0,0,0
125900,347,343,345,346,343,346,0,0,0,0,0
126000,291,275,274,271,266,276,0,0,0,0,0
126100,211,186,181,174,162,179,0,0,0,0,0
126200,256,266,271,270,257,266,0,0,0,0,0
126300,291,305,310,309,300,301,0,0,0,0,0
126400,310,320,323,321,313,313,0,0,0,0,0
126500,321,329,332,330,323,323,0,0,0,0,0
126600,328,334,337,336,329,330,0,0,0,0,0
126700,331,335,338,337,332,333,0,0,0,0,0
126800,333,338,341,341,335,336,0,0,0,0,0
126900,335,339,342,343,337,339,0,0,0,0,0
127000,337,342,345,346,341,342,0,0,0,0,0
127100,341,346,349,350,345,346,0,0,0,0,0
127200,343,347,351,351,346,347,0,0,0,0,0
127300,342,346,350,350,346,347,0,0,0,0,0
127400,339,342,345,346,341,342,0,0,0,0,0
127500,340,343,347,347,342,344,0,0,0,0,0
127600,341,345,349,349,345,346,0,0,0,0,0
127700,342,346,349,350,345,346,0,0,0,0,0
127800,343,347,350,351,346,347,0,0,0,0,0
127900,343,347,351,352,347,348,0,0,0,0,0
128000,344,348,352,353,348,349,0,0,0,0,0
128100,345,349,352,353,349,350,0,0,0,0,0
128200,345,349,352,353,349,350,0,0,0,0,0
128300,345,349,352,353,349,350,0,0,0,0,0
128400,344,348,351,352,348,349,0,0,0,0,0
128500,345,349,352,353,349,350,0,0,0,0,0
128600,344,347,351,352,348,348,0,0,0,0,0
128700,344,348,351,352,348,349,0,0,0,0,0
128800,342,345,349,350,345,346,0,0,0,0,0
128900,344,348,352,352,348,349,0,0,0,0,0
129000,347,351,355,356,352,353,0,0,0,0,0
129100,343,346,350,350,346,347,0,0,0,0,0
129200,344,347,351,352,347,349,0,0,0,0,0
129300,348,353,357,358,354,355,0,0,0,0,0
129400,345,348,351,352,348,348,0,0,0,0,0
129500,345,349,353,354,350,350,0,0,0,0,0
129600,342,345,348,349,344,345,0,0,0,0,0
129700,341,344,347,348,343,345,0,0,0,0,0
129800,341,345,348,349,345,346,0,0,0,0,0
129900,344,348,352,353,348,349,0,0,0,0,0
130000,341,344,348,348,344,345,0,0,0,0,0
130100,343,348,352,353,348,349,0,0,0,0,0
130200,346,351,355,356,352,353,0,0,0,0,0
130300,346,350,353,354,350,350,0,0,0,0,0
130400,348,352,356,357,353,354,0,0,0,0,0
130500,348,352,356,357,352,353,0,0,0,0,0
130600,348,352,356,357,353,354,0,0,0,0,0
130700,350,355,359,360,356,356,0,0,0,0,0
130800,348,351,355,356,352,353,0,0,0,0,0
130900,348,352,355,357,352,353,0,0,0,0,0
131000,346,350,353,355,351,351,0,0,0,0,0
131100,347,350,354,355,351,352,0,0,0,0,0
131200,346,350,353,354,350,351,0,0,0,0,0
131300,346,350,353,354,350,351,0,0,0,0,0
131400,345,349,353,354,350,351,0,0,0,0,0
131500,345,349,353,354,350,351,0,0,0,0,0
131600,345,349,353,354,349,350,0,0,0,0,0
131700,345,349,353,354,350,350,0,0,0,0,0
131800,345,349,352,353,349,350,0,0,0,0,0
131900,346,350,353,354,350,351,0,0,0,0,0
132000,346,349,353,354,350,351,0,0,0,0,0
132100,345,349,352,353,349,350,0,0,0,0,0
132200,345,348,352,353,349,349,0,0,0,0,0
132300,345,348,352,353,349,350,0,0,0,0,0
132400,345,348,352,353,349,350,0,0,0,0,0
132500,345,349,353,354,350,351,0,0,0,0,0
132600,351,357,362,363,359,359,0,0,0,0,0
132700,357,363,367,369,366,365,0,0,0,0,0
132800,358,363,367,368,364,364,0,0,0,0,0
132900,355,358,362,363,359,359,0,0,0,0,0
133000,350,352,356,357,353,354,0,0,0,0,0
133100,352,356,361,362,358,359,0,0,0,0,0
133200,356,362,367,368,365,365,0,0,0,0,0
133300,326,320,321,320,314,318,0,0,0,0,0
133400,325,326,330,330,324,329,0,0,0,0,0
133500,324,327,331,331,326,329,0,0,0,0,0
133600,313,313,315,314,308,312,0,0,0,0,0
133700,326,333,337,338,332,334,0,0,0,0,0
133800,346,357,362,364,359,358,0,0,0,0,0
133900,347,352,355,356,351,350,0,0,0,0,0
134000,347,351,354,355,351,351,0,0,0,0,0
134100,346,349,353,354,350,350,0,0,0,0,0
134200,349,354,358,360,356,356,0,0,0,0,0
134300,341,342,345,345,341,343,0,0,0,0,0
134400,317,313,314,313,307,312,0,0,0,0,0
134500,293,288,288,286,279,286,0,0,0,0,0
134600,301,305,308,308,301,306,0,0,0,0,0
134700,288,287,288,286,280,285,0,0,0,0,0
134800,277,275,275,272,263,270,0,0,0,0,0
134900,260,256,256,252,243,251,0,0,0,0,0
135000,248,245,245,240,229,238,0,0,0,0,0
135100,263,268,270,267,258,263,0,0,0,0,0
135200,262,264,264,260,249,254,0,0,0,0,0
135300,274,279,280,277,267,271,0,0,0,0,0
135400,310,323,328,328,320,320,0,0,0,0,0
135500,315,322,324,323,316,316,0,0,0,0,0
135600,308,309,311,309,303,305,0,0,0,0,0
135700,308,311,313,312,305,308,0,0,0,0,0
135800,313,317,320,319,312,314,0,0,0,0,0
135900,319,324,327,326,319,322,0,0,0,0,0
136000,329,336,339,339,333,334,0,0,0,0,0
136100,358,371,377,379,374,372,0,0,0,0,0
136200,361,367,371,372,368,366,0,0,0,0,0
136300,359,363,367,368,364,363,0,0,0,0,0
136400,353,355,358,359,355,356,0,0,0,0,0
136500,352,355,359,360,357,358,0,0,0,0,0
136600,351,355,359,361,357,358,0,0,0,0,0
136700,349,352,356,357,354,354,0,0,0,0,0
136800,352,357,361,363,359,359,0,0,0,0,0
136900,351,355,358,360,355,356,0,0,0,0,0
137000,352,356,360,361,356,357,0,0,0,0,0
137100,359,365,369,371,368,368,0,0,0,0,0
137200,357,361,365,366,362,363,0,0,0,0,0
137300,355,359,363,364,361,361,0,0,0,0,0
137400,348,350,353,354,350,351,0,0,0,0,0
137500,353,358,363,364,359,361,0,0,0,0,0
137600,346,348,351,351,347,349,0,0,0,0,0
137700,343,346,349,350,345,348,0,0,0,0,0
137800,340,342,346,346,342,344,0,0,0,0,0
137900,338,341,345,345,340,343,0,0,0,0,0
138000,337,340,344,344,339,341,0,0,0,0,0
138100,338,342,345,346,341,343,0,0,0,0,0
138200,340,344,348,348,344,345,0,0,0,0,0
138300,338,341,345,345,340,342,0,0,0,0,0
138400,337,340,343,344,339,341,0,0,0,0,0
138500,341,346,350,351,346,347,0,0,0,0,0
138600,341,345,349,349,345,346,0,0,0,0,0
138700,342,346,349,350,346,347,0,0,0,0,0
138800,341,345,348,349,344,345,0,0,0,0,0
138900,341,344,348,349,344,345,0,0,0,0,0
139000,340,344,347,348,344,345,0,0,0,0,0
139100,340,344,347,348,344,345,0,0,0,0,0
139200,340,344,348,349,344,345,0,0,0,0,0
139300,340,344,348,348,344,345,0,0,0,0,0
139400,340,344,348,348,344,345,0,0,0,0,0
139500,341,344,348,349,344,345,0,0,0,0,0
139600,341,345,348,349,345,346,0,0,0,0,0
139700,341,345,348,349,344,345,0,0,0,0,0
139800,341,345,348,349,345,346,0,0,0,0,0
139900,341,345,348,349,345,346,0,0,0,0,0
140000,341,345,348,349,345,346,0,0,0,0,0
140100,341,345,349,350,345,346,0,0,0,0,0
140200,341,345,349,350,345,346,0,0,0,0,0
140300,342,345,349,350,345,346,0,0,0,0,0
140400,342,346,349,350,346,347,0,0,0,0,0
140500,342,346,349,350,346,347,0,0,0,0,0
140600,342,346,350,351,346,347,0,0,0,0,0
140700,342,346,350,351,346,347,0,0,0,0,0
140800,343,347,351,352,348,349,0,0,0,0,0
140900,345,350,354,355,351,352,0,0,0,0,0
141000,348,352,356,358,354,354,0,0,0,0,0
141100,347,351,355,356,352,352,0,0,0,0,0
141200,346,349,353,354,350,351,0,0,0,0,0
141300,344,348,351,352,348,349,0,0,0,0,0
141400,343,347,350,351,347,348,0,0,0,0,0
141500,344,348,351,353,349,350,0,0,0,0,0
141600,346,350,353,355,351,351,0,0,0,0,0
141700,347,351,355,356,352,352,0,0,0,0,0
141800,347,350,354,355,351,352,0,0,0,0,0
141900,346,350,354,355,351,352,0,0,0,0,0
142000,346,350,354,355,351,352,0,0,0,0,0
142100,346,350,354,355,351,352,0,0,0,0,0
142200,346,350,354,355,351,352,0,0,0,0,0
142300,346,349,353,354,350,351,0,0,0,0,0
142400,345,349,353,354,350,351,0,0,0,0,0
142500,345,349,352,353,350,350,0,0,0,0,0
142600,344,348,352,353,349,349,0,0,0,0,0
142700,343,346,349,350,346,347,0,0,0,0,0
142800,341,344,347,348,344,345,0,0,0,0,0
142900,340,343,347,348,344,345,0,0,0,0,0
143000,340,344,348,349,344,346,0,0,0,0,0
143100,341,345,349,349,345,346,0,0,0,0,0
143200,341,345,348,349,345,346,0,0,0,0,0
143300,344,349,353,354,350,350,0,0,0,0,0
143400,345,349,353,354,350,350,0,0,0,0,0
143500,345,349,353,354,350,351,0,0,0,0,0
143600,344,348,351,352,348,349,0,0,0,0,0
143700,346,351,355,356,352,353,0,0,0,0,0
143800,348,352,356,358,353,354,0,0,0,0,0
143900,349,353,357,359,355,355,0,0,0,0,0
144000,350,354,358,360,356,356,0,0,0,0,0
144100,351,356,360,362,358,358,0,0,0,0,0
144200,352,356,361,362,358,358,0,0,0,0,0
144300,350,354,358,359,355,355,0,0,0,0,0
144400,349,352,356,358,354,355,0,0,0,0,0
144500,348,351,355,356,352,353,0,0,0,0,0
144600,347,351,355,356,353,353,0,0,0,0,0
144700,348,352,356,357,353,354,0,0,0,0,0
144800,348,351,355,356,353,353,0,0,0,0,0
144900,347,351,354,356,352,352,0,0,0,0,0
145000,347,350,354,355,352,352,0,0,0,0,0
145100,346,350,354,355,351,352,0,0,0,0,0
145200,345,349,353,354,350,351,0,0,0,0,0
145300,345,349,353,354,350,351,0,0,0,0,0
145400,347,351,355,356,352,353,0,0,0,0,0
145500,347,351,355,356,352,352,0,0,0,0,0
145600,347,350,354,355,351,352,0,0,0,0,0
145700,346,350,354,355,351,352,0,0,0,0,0
145800,343,346,350,351,347,348,0,0,0,0,0
145900,342,345,349,350,346,347,0,0,0,0,0
146000,341,345,348,349,345,346,0,0,0,0,0
146100,340,344,347,348,344,345,0,0,0,0,0
146200,337,339,343,343,339,341,0,0,0,0,0
146300,344,350,354,355,351,352,0,0,0,0,0
146400,378,394,401,405,403,399,0,0,0,0,0
146500,363,364,367,368,365,362,0,0,0,0,0
146600,356,357,360,361,356,357,0,0,0,0,0
146700,358,362,366,369,366,367,0,0,0,0,0
146800,337,335,337,337,332,335,0,0,0,0,0
146900,352,359,364,366,363,364,0,0,0,0,0
147000,372,383,389,393,391,388,0,0,0,0,0
147100,360,362,365,367,363,362,0,0,0,0,0
147200,352,353,357,358,354,355,0,0,0,0,0
147300,357,362,367,369,366,367,0,0,0,0,0
147400,349,351,355,356,352,353,0,0,0,0,0
147500,346,348,351,352,348,350,0,0,0,0,0
147600,345,348,352,353,350,351,0,0,0,0,0
147700,343,346,350,351,347,348,0,0,0,0,0
147800,345,350,354,355,351,352,0,0,0,0,0
147900,341,344,347,348,344,345,0,0,0,0,0
148000,343,348,352,353,349,350,0,0,0,0,0
148100,341,344,348,349,345,345,0,0,0,0,0
148200,337,340,343,344,339,341,0,0,0,0,0
148300,346,353,357,359,355,355,0,0,0,0,0
148400,347,351,355,357,353,353,0,0,0,0,0
148500,333,333,335,335,330,332,0,0,0,0,0
148600,359,370,377,380,377,376,0,0,0,0,0
148700,344,345,347,347,343,343,0,0,0,0,0
148800,342,344,347,348,343,345,0,0,0,0,0
148900,354,362,367,370,367,366,0,0,0,0,0
149000,337,336,338,338,333,335,0,0,0,0,0
149100,348,355,359,361,357,358,0,0,0,0,0
149200,353,359,364,366,363,362,0,0,0,0,0
149300,343,344,347,348,343,344,0,0,0,0,0
149400,353,360,365,367,364,364,0,0,0,0,0
149500,350,353,356,358,354,354,0,0,0,0,0
149600,350,353,357,358,355,355,0,0,0,0,0
149700,352,357,361,363,359,360,0,0,0,0,0
149800,339,338,341,341,337,339,0,0,0,0,0
149900,350,357,362,364,360,361,0,0,0,0,0
150000,340,341,344,345,341,342,0,0,0,0,0
150100,320,317,318,317,311,315,0,0,0,0,0
150200,358,372,380,383,381,379,0,0,0,0,0
150300,323,318,319,317,312,314,0,0,0,0,0
150400,340,347,352,353,347,349,0,0,0,0,0
150500,370,384,392,396,394,390,0,0,0,0,0
150600,335,329,330,328,323,324,0,0,0,0,0
150700,355,364,370,372,368,368,0,0,0,0,0
150800,369,379,385,388,387,384,0,0,0,0,0
150900,325,315,315,313,307,311,0,0,0,0,0
151000,371,387,395,399,396,395,0,0,0,0,0
151100,346,345,347,348,345,344,0,0,0,0,0
151200,345,347,351,351,345,346,0,0,0,0,0
151300,383,399,408,413,413,409,0,0,0,0,0
151400,339,331,331,329,324,325,0,0,0,0,0
151500,391,409,419,424,423,419,0,0,0,0,0
151600,355,350,352,352,349,348,0,0,0,0,0
151700,364,369,374,375,370,371,0,0,0,0,0
151800,379,388,395,400,400,397,0,0,0,0,0
151900,339,332,332,331,324,326,0,0,0,0,0
152000,405,429,440,448,449,444,0,0,0,0,0
152100,324,306,303,300,294,297,0,0,0,0,0
152200,399,423,435,442,439,436,0,0,0,0,0
152300,355,349,350,350,347,346,0,0,0,0,0
152400,362,366,371,372,366,367,0,0,0,0,0
152500,409,429,439,447,449,442,0,0,0,0,0
152600,325,305,301,297,291,294,0,0,0,0,0
152700,423,454,469,479,481,475,0,0,0,0,0
152800,320,297,292,288,283,286,0,0,0,0,0
152900,394,416,428,435,434,432,0,0,0,0,0
153000,365,364,367,368,366,363,0,0,0,0,0
153100,412,430,440,445,441,435,0,0,0,0,0
153200,386,385,388,390,388,385,0,0,0,0,0
153300,396,402,408,411,408,406,0,0,0,0,0
153400,415,426,434,440,441,436,0,0,0,0,0
153500,406,409,414,417,415,411,0,0,0,0,0
153600,405,410,416,420,420,417,0,0,0,0,0
153700,399,401,406,410,409,407,0,0,0,0,0
153800,380,379,382,385,383,384,0,0,0,0,0
153900,332,320,320,320,316,323,0,0,0,0,0
154000,332,333,337,338,333,339,0,0,0,0,0
154100,366,380,389,393,392,390,0,0,0,0,0
154200,381,393,399,403,400,395,0,0,0,0,0
154300,385,392,397,400,397,392,0,0,0,0,0
154400,384,389,394,396,394,392,0,0,0,0,0
154500,381,384,389,391,389,388,0,0,0,0,0
154600,377,380,384,387,385,384,0,0,0,0,0
154700,373,376,381,383,381,381,0,0,0,0,0
154800,371,375,379,382,380,379,0,0,0,0,0
154900,369,372,377,379,376,376,0,0,0,0,0
155000,366,370,374,377,374,374,0,0,0,0,0
155100,364,367,372,374,371,371,0,0,0,0,0
155200,361,364,368,370,367,367,0,0,0,0,0
155300,361,364,369,371,368,368,0,0,0,0,0
155400,360,364,369,371,368,367,0,0,0,0,0
155500,360,363,368,370,367,366,0,0,0,0,0
155600,360,364,368,370,367,367,0,0,0,0,0
155700,359,363,368,369,366,366,0,0,0,0,0
155800,359,363,367,369,366,366,0,0,0,0,0
155900,358,362,366,368,365,365,0,0,0,0,0
156000,357,361,365,367,364,363,0,0,0,0,0
156100,357,360,365,366,363,363,0,0,0,0,0
156200,354,357,361,362,359,359,0,0,0,0,0
156300,351,354,358,360,356,357,0,0,0,0,0
156400,350,353,357,358,355,355,0,0,0,0,0
156500,352,356,360,362,359,359,0,0,0,0,0
156600,354,358,363,364,361,361,0,0,0,0,0
156700,354,359,363,364,361,360,0,0,0,0,0
156800,355,359,363,364,361,361,0,0,0,0,0
156900,354,358,362,364,360,360,0,0,0,0,0
157000,354,358,362,364,360,360,0,0,0,0,0
157100,354,357,361,363,359,360,0,0,0,0,0
157200,354,358,362,363,359,360,0,0,0,0,0
157300,354,358,362,364,360,360,0,0,0,0,0
157400,354,357,362,363,360,360,0,0,0,0,0
157500,354,358,362,363,360,360,0,0,0,0,0
157600,353,357,361,363,359,359,0,0,0,0,0
157700,354,358,362,364,360,360,0,0,0,0,0
157800,355,359,363,364,361,361,0,0,0,0,0
157900,355,359,363,364,361,361,0,0,0,0,0
158000,355,360,364,366,362,362,0,0,0,0,0
158100,355,359,363,364,361,361,0,0,0,0,0
158200,355,358,362,364,361,361,0,0,0,0,0
158300,354,358,363,364,361,361,0,0,0,0,0
158400,352,356,360,361,358,358,0,0,0,0,0
158500,348,350,354,355,351,352,0,0,0,0,0
158600,345,348,352,353,349,350,0,0,0,0,0
158700,346,350,354,355,351,352,0,0,0,0,0
158800,362,370,376,379,376,374,0,0,0,0,0
158900,365,371,375,377,374,372,0,0,0,0,0
159000,359,362,366,367,364,363,0,0,0,0,0
159100,352,354,357,358,355,355,0,0,0,0,0
159200,343,344,347,348,345,347,0,0,0,0,0
159300,307,299,299,297,292,298,0,0,0,0,0
159400,287,282,283,281,274,282,0,0,0,0,0
159500,309,317,322,323,317,320,0,0,0,0,0
159600,354,373,381,384,380,376,0,0,0,0,0
159700,364,374,379,380,376,371,0,0,0,0,0
159800,370,377,381,382,379,375,0,0,0,0,0
159900,363,366,369,370,366,366,0,0,0,0,0
160000,361,363,367,369,366,366,0,0,0,0,0
160100,355,357,361,362,359,360,0,0,0,0,0
160200,313,304,303,302,298,303,0,0,0,0,0
160300,297,293,294,293,287,294,0,0,0,0,0
160400,342,358,366,370,366,366,0,0,0,0,0
160500,343,350,353,354,349,347,0,0,0,0,0
160600,343,347,350,351,345,345,0,0,0,0,0
160700,358,367,372,374,370,368,0,0,0,0,0
160800,369,378,383,385,382,380,0,0,0,0,0
160900,359,361,364,366,362,361,0,0,0,0,0
161000,325,318,318,317,312,316,0,0,0,0,0
161100,329,331,335,336,331,335,0,0,0,0,0
161200,368,384,393,397,394,392,0,0,0,0,0
161300,370,377,381,383,380,376,0,0,0,0,0
161400,370,375,379,380,377,375,0,0,0,0,0
161500,370,374,378,380,377,376,0,0,0,0,0
161600,369,373,378,380,377,377,0,0,0,0,0
161700,368,372,376,379,376,375,0,0,0,0,0
161800,366,370,374,376,374,373,0,0,0,0,0
161900,364,367,372,374,371,371,0,0,0,0,0
162000,362,366,370,372,369,369,0,0,0,0,0
162100,360,363,367,369,366,366,0,0,0,0,0
162200,359,362,367,368,365,365,0,0,0,0,0
162300,357,361,365,367,364,364,0,0,0,0,0
162400,356,360,364,366,363,363,0,0,0,0,0
162500,355,359,363,365,361,361,0,0,0,0,0
162600,355,359,363,365,361,361,0,0,0,0,0
162700,354,358,362,364,360,361,0,0,0,0,0
162800,354,358,362,363,360,360,0,0,0,0,0
162900,354,358,362,364,360,360,0,0,0,0,0
163000,353,357,361,362,359,359,0,0,0,0,0
163100,352,356,360,362,358,358,0,0,0,0,0
163200,352,356,360,362,358,358,0,0,0,0,0
163300,352,355,359,361,357,357,0,0,0,0,0
163400,351,355,359,361,357,357,0,0,0,0,0
163500,352,356,360,361,357,358,0,0,0,0,0
163600,352,356,360,361,357,358,0,0,0,0,0
163700,352,356,360,361,358,358,0,0,0,0,0
163800,352,356,360,361,358,358,0,0,0,0,0
163900,351,355,359,361,357,357,0,0,0,0,0
164000,351,355,359,361,357,357,0,0,0,0,0
164100,351,355,359,360,356,357,0,0,0,0,0
164200,351,354,358,360,356,356,0,0,0,0,0
164300,351,355,359,360,356,357,0,0,0,0,0
164400,350,354,358,360,356,356,0,0,0,0,0
164500,350,354,358,359,356,356,0,0,0,0,0
164600,350,354,358,360,356,356,0,0,0,0,0
164700,350,354,358,360,356,356,0,0,0,0,0
164800,350,353,357,358,355,355,0,0,0,0,0
164900,349,353,357,358,354,355,0,0,0,0,0
165000,350,355,359,360,356,357,0,0,0,0,0
165100,351,355,359,360,356,356,0,0,0,0,0
165200,351,354,358,360,356,356,0,0,0,0,0
165300,350,354,358,360,356,356,0,0,0,0,0
165400,350,354,358,359,355,356,0,0,0,0,0
165500,350,354,358,359,355,356,0,0,0,0,0
165600,350,354,358,359,355,355,0,0,0,0,0
165700,350,354,357,359,355,355,0,0,0,0,0
165800,350,354,357,359,355,355,0,0,0,0,0
165900,349,353,357,359,355,355,0,0,0,0,0
166000,349,353,357,359,355,355,0,0,0,0,0
166100,349,353,357,358,355,355,0,0,0,0,0
166200,349,353,357,358,354,355,0,0,0,0,0
166300,349,353,357,358,354,354,0,0,0,0,0
166400,349,353,357,358,354,354,0,0,0,0,0
166500,349,352,356,358,354,354,0,0,0,0,0
166600,347,351,354,356,352,352,0,0,0,0,0
166700,340,342,345,346,342,343,0,0,0,0,0
166800,329,328,331,331,326,329,0,0,0,0,0
166900,324,325,328,329,324,327,0,0,0,0,0
167000,322,324,327,328,322,325,0,0,0,0,0
167100,330,336,340,341,336,337,0,0,0,0,0
167200,345,354,359,361,356,355,0,0,0,0,0
167300,359,368,374,376,372,369,0,0,0,0,0
167400,360,366,369,371,367,365,0,0,0,0,0
167500,359,363,366,368,364,364,0,0,0,0,0
167600,358,361,365,367,363,363,0,0,0,0,0
167700,356,359,363,365,361,362,0,0,0,0,0
167800,351,353,356,358,354,355,0,0,0,0,0
167900,343,344,347,348,344,346,0,0,0,0,0
168000,298,288,286,284,279,286,0,0,0,0,0
168100,270,261,261,258,250,260,0,0,0,0,0
168200,282,286,290,289,282,288,0,0,0,0,0
168300,306,316,321,320,313,314,0,0,0,0,0
168400,363,386,395,398,394,388,0,0,0,0,0
168500,377,389,394,396,392,385,0,0,0,0,0
168600,381,388,392,394,390,386,0,0,0,0,0
168700,382,387,391,393,390,388,0,0,0,0,0
168800,379,383,387,390,388,387,0,0,0,0,0
168900,376,380,384,387,385,384,0,0,0,0,0
169000,372,375,380,382,380,380,0,0,0,0,0
169100,369,372,376,379,376,376,0,0,0,0,0
169200,363,366,370,372,369,370,0,0,0,0,0
169300,345,343,345,346,342,345,0,0,0,0,0
169400,339,340,344,345,341,344,0,0,0,0,0
169500,354,363,368,371,368,368,0,0,0,0,0
169600,338,337,340,340,336,337,0,0,0,0,0
169700,353,361,366,368,364,364,0,0,0,0,0
169800,362,370,375,377,375,373,0,0,0,0,0
169900,362,367,371,372,369,368,0,0,0,0,0
170000,359,363,367,368,365,364,0,0,0,0,0
170100,357,361,365,366,363,363,0,0,0,0,0
170200,356,359,363,365,361,362,0,0,0,0,0
170300,355,359,363,364,361,361,0,0,0,0,0
170400,353,357,361,363,359,359,0,0,0,0,0
170500,353,356,360,362,358,359,0,0,0,0,0
170600,353,356,361,362,358,359,0,0,0,0,0
170700,353,357,361,362,359,359,0,0,0,0,0
170800,352,356,360,362,358,358,0,0,0,0,0
170900,352,356,360,361,358,358,0,0,0,0,0
171000,352,356,360,361,357,357,0,0,0,0,0
171100,352,356,360,362,358,358,0,0,0,0,0
171200,351,355,359,360,357,357,0,0,0,0,0
171300,351,355,359,361,357,357,0,0,0,0,0
171400,351,355,359,360,356,357,0,0,0,0,0
171500,350,354,358,359,355,356,0,0,0,0,0
171600,350,354,358,359,355,355,0,0,0,0,0
171700,350,354,358,360,356,356,0,0,0,0,0
171800,351,355,359,360,356,357,0,0,0,0,0
171900,351,355,359,361,357,357,0,0,0,0,0
172000,351,354,358,360,356,356,0,0,0,0,0
172100,350,354,358,359,355,356,0,0,0,0,0
172200,349,353,357,358,354,355,0,0,0,0,0
172300,349,352,356,358,354,354,0,0,0,0,0
172400,348,352,356,357,353,354,0,0,0,0,0
172500,348,352,356,357,353,354,0,0,0,0,0
172600,348,352,356,357,353,354,0,0,0,0,0
172700,348,352,356,357,353,353,0,0,0,0,0
172800,348,351,355,357,353,353,0,0,0,0,0
172900,347,351,355,357,353,353,0,0,0,0,0
173000,347,351,355,356,352,353,0,0,0,0,0
173100,347,351,355,356,352,353,0,0,0,0,0
173200,347,351,355,356,352,352,0,0,0,0,0
173300,347,351,355,356,352,352,0,0,0,0,0
173400,347,351,355,356,352,353,0,0,0,0,0
173500,347,351,355,357,352,353,0,0,0,0,0
173600,347,351,355,356,352,353,0,0,0,0,0
173700,348,352,356,357,352,353,0,0,0,0,0
173800,348,352,356,357,353,354,0,0,0,0,0
173900,348,352,356,357,353,354,0,0,0,0,0
174000,348,352,356,357,353,353,0,0,0,0,0
174100,348,352,355,356,352,353,0,0,0,0,0
174200,348,351,355,356,353,353,0,0,0,0,0
174300,347,351,354,356,352,352,0,0,0,0,0
174400,347,351,355,356,352,352,0,0,0,0,0
174500,346,350,354,355,351,351,0,0,0,0,0
174600,346,350,354,355,351,351,0,0,0,0,0
174700,347,351,354,356,352,352,0,0,0,0,0
174800,347,351,355,356,352,352,0,0,0,0,0
174900,347,351,355,356,352,352,0,0,0,0,0
175000,347,351,355,356,352,353,0,0,0,0,0
175100,347,351,355,356,352,353,0,0,0,0,0
175200,348,352,356,357,353,353,0,0,0,0,0
175300,347,351,355,356,352,353,0,0,0,0,0
175400,347,351,355,356,352,353,0,0,0,0,0
175500,347,351,355,356,352,353,0,0,0,0,0
175600,347,351,355,356,352,353,0,0,0,0,0
175700,347,351,355,356,352,353,0,0,0,0,0
175800,347,351,355,356,353,353,0,0,0,0,0
175900,347,351,355,356,352,353,0,0,0,0,0
176000,348,352,355,357,353,353,0,0,0,0,0
176100,347,351,355,356,352,353,0,0,0,0,0
176200,347,351,355,357,353,353,0,0,0,0,0
176300,347,351,355,356,352,353,0,0,0,0,0
176400,347,351,355,356,352,353,0,0,0,0,0
176500,347,351,355,356,352,353,0,0,0,0,0
176600,347,351,355,356,352,352,0,0,0,0,0
176700,347,351,355,356,352,352,0,0,0,0,0
176800,347,351,355,356,352,353,0,0,0,0,0
176900,347,351,355,356,352,352,0,0,0,0,0
177000,347,351,355,356,352,353,0,0,0,0,0
177100,347,351,355,356,352,353,0,0,0,0,0
177200,347,351,354,356,351,352,0,0,0,0,0
177300,347,351,355,356,352,352,0,0,0,0,0
177400,347,351,355,356,352,353,0,0,0,0,0
177500,347,351,355,356,352,353,0,0,0,0,0
177600,347,351,355,356,352,353,0,0,0,0,0
177700,347,351,355,356,352,353,0,0,0,0,0
177800,347,351,355,356,352,353,0,0,0,0,0
177900,347,351,355,356,352,353,0,0,0,0,0
178000,347,351,355,356,352,353,0,0,0,0,0
178100,347,351,355,356,352,353,0,0,0,0,0
178200,347,351,355,356,352,352,0,0,0,0,0
178300,347,351,355,356,352,352,0,0,0,0,0
178400,347,351,355,356,352,352,0,0,0,0,0
178500,347,351,355,356,352,352,0,0,0,0,0
178600,347,351,355,356,352,352,0,0,0,0,0
178700,347,351,355,356,352,352,0,0,0,0,0
178800,347,351,355,356,352,352,0,0,0,0,0
178900,347,351,355,356,352,352,0,0,0,0,0
179000,347,351,355,356,352,352,0,0,0,0,0
179100,347,351,355,356,352,352,0,0,0,0,0
179200,347,351,355,356,352,352,0,0,0,0,0
179300,347,351,355,356,352,352,0,0,0,0,0
179400,347,351,355,356,352,352,0,0,0,0,0
179500,347,351,355,356,352,353,0,0,0,0,0
179600,348,352,356,357,353,353,0,0,0,0,0
179700,348,352,356,357,353,353,0,0,0,0,0
179800,348,352,356,357,353,353,0,0,0,0,0
179900,348,352,355,357,352,353,0,0,0,0,0
180000,347,351,355,356,352,353,0,0,0,0,0
180100,347,351,355,356,352,353,0,0,0,0,0
180200,347,351,355,356,352,353,0,0,0,0,0
180300,347,351,355,356,352,353,0,0,0,0,0
180400,347,351,355,356,352,352,0,0,0,0,0
180500,347,351,354,356,352,352,0,0,0,0,0
180600,347,351,355,356,352,352,0,0,0,0,0
180700,347,351,355,356,352,352,0,0,0,0,0
180800,347,351,355,356,352,352,0,0,0,0,0
180900,347,351,355,356,352,352,0,0,0,0,0
181000,347,351,355,356,352,352,0,0,0,0,0
181100,347,350,354,355,351,352,0,0,0,0,0
181200,346,350,354,355,351,351,0,0,0,0,0
181300,346,350,354,355,351,352,0,0,0,0,0
181400,346,350,354,355,351,352,0,0,0,0,0
181500,346,350,354,355,351,352,0,0,0,0,0
181600,347,350,354,355,351,352,0,0,0,0,0
181700,347,351,355,356,352,352,0,0,0,0,0
181800,347,351,355,356,352,352,0,0,0,0,0
181900,347,351,355,356,352,352,0,0,0,0,0
182000,347,351,355,356,352,352,0,0,0,0,0
182100,347,351,354,355,351,352,0,0,0,0,0
182200,347,351,354,355,351,352,0,0,0,0,0
182300,347,350,354,355,351,352,0,0,0,0,0
182400,346,350,354,355,351,352,0,0,0,0,0
182500,346,350,354,355,351,351,0,0,0,0,0
182600,346,350,354,355,351,351,0,0,0,0,0
182700,346,350,354,355,351,351,0,0,0,0,0
182800,346,350,354,355,351,351,0,0,0,0,0
182900,346,350,354,355,351,351,0,0,0,0,0
183000,346,350,354,355,351,352,0,0,0,0,0
183100,346,350,354,355,351,352,0,0,0,0,0
183200,347,350,354,355,351,352,0,0,0,0,0
183300,347,350,354,355,352,352,0,0,0,0,0
183400,347,351,355,356,352,352,0,0,0,0,0
183500,347,351,355,356,352,352,0,0,0,0,0
183600,347,351,355,356,352,352,0,0,0,0,0
183700,347,351,355,356,352,353,0,0,0,0,0
183800,347,351,355,356,352,352,0,0,0,0,0
183900,347,350,354,355,351,352,0,0,0,0,0
184000,346,350,354,355,351,352,0,0,0,0,0
184100,347,351,354,356,352,352,0,0,0,0,0
184200,347,351,355,356,352,352,0,0,0,0,0
184300,347,351,354,356,352,352,0,0,0,0,0
184400,346,350,354,355,351,351,0,0,0,0,0
184500,347,350,354,355,351,352,0,0,0,0,0
184600,346,350,354,355,351,352,0,0,0,0,0
184700,346,350,354,355,351,351,0,0,0,0,0
184800,346,350,354,355,351,351,0,0,0,0,0
184900,346,350,353,355,351,351,0,0,0,0,0
185000,346,350,354,355,351,351,0,0,0,0,0
185100,346,350,354,355,351,352,0,0,0,0,0
185200,346,350,354,355,351,352,0,0,0,0,0
185300,346,350,354,355,351,351,0,0,0,0,0
185400,346,350,354,355,351,352,0,0,0,0,0
185500,346,350,354,355,351,351,0,0,0,0,0
185600,346,350,354,355,351,352,0,0,0,0,0
185700,347,350,354,355,351,352,0,0,0,0,0
185800,347,351,354,356,352,352,0,0,0,0,0
185900,347,351,355,356,352,352,0,0,0,0,0
186000,347,351,355,356,352,352,0,0,0,0,0
186100,347,351,355,356,352,352,0,0,0,0,0
186200,347,351,355,356,352,353,0,0,0,0,0
186300,347,351,355,356,352,353,0,0,0,0,0
186400,348,352,356,357,353,354,0,0,0,0,0
186500,348,352,356,357,353,354,0,0,0,0,0
186600,348,352,355,356,352,353,0,0,0,0,0
186700,347,351,354,355,351,352,0,0,0,0,0
186800,347,350,354,355,351,352,0,0,0,0,0
186900,346,350,354,355,351,352,0,0,0,0,0
187000,347,351,354,356,351,352,0,0,0,0,0
187100,347,351,355,356,352,352,0,0,0,0,0
187200,347,351,354,356,352,352,0,0,0,0,0
187300,347,351,355,356,352,352,0,0,0,0,0
187400,347,351,355,356,352,352,0,0,0,0,0
187500,347,351,355,356,352,352,0,0,0,0,0
187600,347,351,355,356,352,352,0,0,0,0,0
187700,347,351,355,356,352,352,0,0,0,0,0
187800,347,351,354,356,352,352,0,0,0,0,0
187900,347,350,354,355,351,352,0,0,0,0,0
188000,347,350,354,355,352,352,0,0,0,0,0
188100,346,350,354,355,351,352,0,0,0,0,0
188200,346,350,354,355,351,352,0,0,0,0,0
188300,347,350,354,355,351,352,0,0,0,0,0
188400,347,350,354,355,352,352,0,0,0,0,0
188500,347,350,354,355,351,352,0,0,0,0,0
188600,346,350,354,355,351,351,0,0,0,0,0
188700,346,349,353,354,350,350,0,0,0,0,0
188800,346,350,353,354,350,351,0,0,0,0,0
188900,346,350,353,354,350,351,0,0,0,0,0
189000,346,350,354,355,351,351,0,0,0,0,0
189100,346,350,354,355,351,352,0,0,0,0,0
189200,346,350,354,355,351,352,0,0,0,0,0
189300,347,351,355,356,352,352,0,0,0,0,0
189400,347,351,355,356,352,353,0,0,0,0,0
189500,347,351,355,356,352,352,0,0,0,0,0
189600,347,351,355,356,352,353,0,0,0,0,0
189700,347,351,355,356,352,353,0,0,0,0,0
189800,347,351,355,356,352,352,0,0,0,0,0
189900,347,351,355,356,352,352,0,0,0,0,0
190000,347,351,355,356,352,352,0,0,0,0,0
190100,347,351,354,355,351,352,0,0,0,0,0
190200,347,351,354,356,352,352,0,0,0,0,0
190300,347,351,355,356,352,352,0,0,0,0,0
190400,347,351,354,355,351,352,0,0,0,0,0
190500,347,351,354,355,352,352,0,0,0,0,0
190600,347,351,355,356,352,352,0,0,0,0,0
190700,347,351,354,355,351,352,0,0,0,0,0
190800,347,351,355,356,352,352,0,0,0,0,0
190900,347,351,355,356,352,352,0,0,0,0,0
191000,347,351,354,355,351,352,0,0,0,0,0
191100,347,350,354,355,351,352,0,0,0,0,0
191200,346,350,354,355,351,352,0,0,0,0,0
191300,346,350,354,355,351,351,0,0,0,0,0
191400,346,350,354,355,351,352,0,0,0,0,0
191500,347,351,354,356,351,352,0,0,0,0,0
191600,347,351,354,355,351,352,0,0,0,0,0
191700,347,350,354,355,351,352,0,0,0,0,0
191800,347,350,354,355,351,352,0,0,0,0,0
191900,346,350,354,355,351,352,0,0,0,0,0
192000,347,350,354,355,351,352,0,0,0,0,0
192100,346,350,354,355,351,352,0,0,0,0,0
192200,347,350,354,355,351,352,0,0,0,0,0
192300,347,350,354,355,351,352,0,0,0,0,0
192400,347,350,354,355,351,352,0,0,0,0,0
192500,346,350,354,355,351,352,0,0,0,0,0
192600,346,350,354,355,351,352,0,0,0,0,0
192700,346,350,354,355,351,352,0,0,0,0,0
192800,346,350,354,355,351,352,0,0,0,0,0
192900,346,350,354,355,351,352,0,0,0,0,0
193000,347,351,354,355,351,352,0,0,0,0,0
193100,346,350,354,355,351,352,0,0,0,0,0
193200,346,350,354,355,351,351,0,0,0,0,0
193300,346,350,354,355,351,351,0,0,0,0,0
193400,346,350,354,355,351,351,0,0,0,0,0
193500,346,350,354,355,351,351,0,0,0,0,0
193600,346,350,354,355,351,352,0,0,0,0,0
193700,347,351,354,355,351,352,0,0,0,0,0
193800,347,351,355,356,352,352,0,0,0,0,0
193900,347,351,355,356,352,352,0,0,0,0,0
194000,347,351,355,356,352,352,0,0,0,0,0
194100,347,351,355,356,352,352,0,0,0,0,0
194200,347,351,355,356,352,352,0,0,0,0,0
194300,347,351,355,356,352,352,0,0,0,0,0
194400,347,351,355,356,352,352,0,0,0,0,0
194500,347,351,355,356,352,352,0,0,0,0,0
194600,347,351,355,356,352,352,0,0,0,0,0
194700,347,351,355,356,352,352,0,0,0,0,0
194800,347,351,355,356,352,352,0,0,0,0,0
194900,347,351,355,356,352,352,0,0,0,0,0
195000,347,351,355,356,352,352,0,0,0,0,0
195100,347,351,355,356,352,352,0,0,0,0,0
195200,347,351,355,356,352,352,0,0,0,0,0
195300,347,351,355,356,352,352,0,0,0,0,0
195400,347,351,355,356,352,352,0,0,0,0,0
195500,347,351,355,356,352,352,0,0,0,0,0
195600,347,351,355,356,352,352,0,0,0,0,0
195700,347,351,355,356,352,352,0,0,0,0,0
195800,347,351,355,356,352,352,0,0,0,0,0
195900,347,351,355,356,352,352,0,0,0,0,0
196000,347,351,355,356,352,352,0,0,0,0,0
196100,347,351,355,356,352,352,0,0,0,0,0
196200,347,351,355,356,352,352,0,0,0,0,0
196300,347,351,355,356,352,352,0,0,0,0,0
196400,347,351,355,356,352,352,0,0,0,0,0
196500,347,351,355,356,352,352,0,0,0,0,0
196600,347,350,354,355,351,352,0,0,0,0,0
196700,347,351,354,355,351,352,0,0,0,0,0
196800,347,351,354,356,352,352,0,0,0,0,0
196900,347,351,354,356,351,352,0,0,0,0,0
197000,347,351,355,356,351,352,0,0,0,0,0
197100,347,351,354,355,351,352,0,0,0,0,0
197200,347,350,354,355,351,352,0,0,0,0,0
197300,347,350,354,355,351,352,0,0,0,0,0
197400,347,350,354,355,351,352,0,0,0,0,0
197500,347,350,354,355,351,352,0,0,0,0,0
197600,347,351,354,355,351,352,0,0,0,0,0
197700,347,350,354,355,351,352,0,0,0,0,0
197800,347,350,354,355,351,352,0,0,0,0,0
197900,347,351,355,356,351,352,0,0,0,0,0
198000,347,351,355,356,352,352,0,0,0,0,0
198100,347,351,355,356,352,352,0,0,0,0,0
198200,347,351,355,356,351,352,0,0,0,0,0
198300,347,351,354,355,351,352,0,0,0,0,0
198400,346,350,354,355,351,352,0,0,0,0,0
198500,346,350,354,355,351,352,0,0,0,0,0
198600,347,351,354,356,352,352,0,0,0,0,0
198700,346,350,354,355,351,352,0,0,0,0,0
198800,346,350,354,355,351,352,0,0,0,0,0
198900,346,350,354,355,351,351,0,0,0,0,0
199000,346,350,354,355,351,352,0,0,0,0,0
199100,346,350,354,355,351,351,0,0,0,0,0
199200,346,350,354,355,351,352,0,0,0,0,0
199300,346,350,354,355,351,352,0,0,0,0,0
199400,346,350,354,355,351,352,0,0,0,0,0
199500,346,350,354,355,351,352,0,0,0,0,0
199600,346,350,354,355,351,352,0,0,0,0,0
199700,346,350,354,355,351,352,0,0,0,0,0
199800,346,350,354,355,351,352,0,0,0,0,0
199900,346,350,354,355,351,351,0,0,0,0,0
200000,346,350,354,355,351,351,0,0,0,0,0
200100,346,350,354,355,351,351,0,0,0,0,0
200200,346,350,354,355,351,351,0,0,0,0,0
200300,346,350,353,354,350,351,0,0,0,0,0
200400,346,350,354,355,351,351,0,0,0,0,0
200500,346,350,354,355,350,351,0,0,0,0,0
200600,346,350,354,355,351,351,0,0,0,0,0
200700,346,350,354,355,351,351,0,0,0,0,0
200800,346,350,354,355,351,351,0,0,0,0,0
200900,346,350,354,355,350,351,0,0,0,0,0
201000,346,350,354,355,351,351,0,0,0,0,0
201100,346,350,354,355,351,351,0,0,0,0,0
201200,346,350,354,355,351,351,0,0,0,0,0
201300,346,350,354,355,351,351,0,0,0,0,0
201400,346,350,354,355,351,351,0,0,0,0,0
201500,346,350,354,355,351,351,0,0,0,0,0
201600,346,350,354,355,351,351,0,0,0,0,0
201700,346,350,354,355,351,351,0,0,0,0,0
201800,346,350,354,355,351,351,0,0,0,0,0
201900,346,350,354,355,351,351,0,0,0,0,0
202000,346,350,354,355,351,351,0,0,0,0,0
202100,346,350,354,355,351,351,0,0,0,0,0
202200,346,350,354,355,351,351,0,0,0,0,0
202300,346,350,354,355,351,351,0,0,0,0,0
202400,346,350,354,355,351,351,0,0,0,0,0
202500,346,350,354,355,351,351,0,0,0,0,0
202600,346,350,354,355,351,351,0,0,0,0,0
202700,346,350,354,355,351,352,0,0,0,0,0
202800,346,350,354,355,351,351,0,0,0,0,0
202900,346,350,354,355,351,351,0,0,0,0,0
203000,346,350,354,355,351,352,0,0,0,0,0
203100,346,350,354,355,351,352,0,0,0,0,0
203200,346,350,354,355,351,352,0,0,0,0,0
203300,346,350,354,355,351,351,0,0,0,0,0
203400,346,350,354,355,351,351,0,0,0,0,0
203500,346,350,354,355,351,351,0,0,0,0,0
203600,346,350,354,355,351,351,0,0,0,0,0
203700,346,350,354,355,351,351,0,0,0,0,0
203800,346,350,354,355,351,352,0,0,0,0,0
203900,346,350,354,355,351,351,0,0,0,0,0
204000,346,350,354,355,351,351,0,0,0,0,0
204100,346,350,354,355,351,351,0,0,0,0,0
204200,346,350,354,355,351,351,0,0,0,0,0
204300,346,350,354,355,351,351,0,0,0,0,0
204400,346,350,354,355,351,351,0,0,0,0,0
204500,346,350,354,355,351,351,0,0,0,0,0
204600,346,350,354,355,351,351,0,0,0,0,0
204700,346,350,354,355,351,351,0,0,0,0,0
204800,346,350,354,354,351,351,0,0,0,0,0
204900,346,350,354,355,351,351,0,0,0,0,0
205000,346,350,354,355,351,351,0,0,0,0,0
205100,346,350,354,355,351,351,0,0,0,0,0
205200,347,351,355,356,352,352,0,0,0,0,0
205300,347,351,354,356,351,352,0,0,0,0,0
205400,347,350,354,355,351,352,0,0,0,0,0
205500,347,350,354,355,351,352,0,0,0,0,0
205600,346,350,354,355,351,351,0,0,0,0,0
205700,346,350,354,355,351,351,0,0,0,0,0
205800,346,350,353,354,350,351,0,0,0,0,0
205900,346,350,354,355,351,351,0,0,0,0,0
206000,346,350,354,355,351,351,0,0,0,0,0
206100,346,350,354,355,351,352,0,0,0,0,0
206200,346,350,354,355,351,351,0,0,0,0,0
206300,346,350,354,355,351,351,0,0,0,0,0
206400,346,350,354,355,351,351,0,0,0,0,0
206500,345,348,351,352,348,349,0,0,0,0,0
206600,345,348,352,353,349,350,0,0,0,0,0
206700,344,347,351,352,347,348,0,0,0,0,0
206800,342,345,348,349,345,346,0,0,0,0,0
206900,336,337,340,341,336,338,0,0,0,0,0
207000,332,334,337,337,332,335,0,0,0,0,0
207100,330,332,335,336,331,333,0,0,0,0,0
207200,330,333,336,337,332,333,0,0,0,0,0
207300,337,343,347,348,343,344,0,0,0,0,0
207400,349,356,361,363,359,358,0,0,0,0,0
207500,350,356,359,360,356,355,0,0,0,0,0
207600,351,355,359,360,356,356,0,0,0,0,0
207700,349,353,356,357,353,354,0,0,0,0,0
207800,349,353,357,358,354,355,0,0,0,0,0
207900,349,353,357,358,354,355,0,0,0,0,0
208000,349,353,357,358,354,355,0,0,0,0,0
208100,348,352,356,357,353,354,0,0,0,0,0
208200,348,352,356,357,353,354,0,0,0,0,0
208300,348,352,356,357,353,354,0,0,0,0,0
208400,348,352,356,357,353,353,0,0,0,0,0
208500,348,351,355,356,352,353,0,0,0,0,0
208600,347,351,355,356,352,352,0,0,0,0,0
208700,347,351,355,356,352,352,0,0,0,0,0
208800,347,351,355,356,352,352,0,0,0,0,0
208900,347,351,355,356,352,352,0,0,0,0,0
209000,347,351,355,356,352,352,0,0,0,0,0
209100,347,351,354,355,352,352,0,0,0,0,0
209200,347,350,354,355,351,352,0,0,0,0,0
209300,347,350,354,355,351,352,0,0,0,0,0
209400,347,351,355,356,352,352,0,0,0,0,0
209500,347,350,354,355,351,352,0,0,0,0,0
209600,346,350,354,355,351,351,0,0,0,0,0
209700,346,350,354,355,351,351,0,0,0,0,0
209800,346,350,354,355,351,351,0,0,0,0,0
209900,346,350,354,355,351,351,0,0,0,0,0
210000,346,350,354,355,351,351,0,0,0,0,0
210100,346,350,354,355,351,351,0,0,0,0,0
210200,346,350,354,355,351,352,0,0,0,0,0
210300,346,350,354,355,351,351,0,0,0,0,0
210400,346,350,354,355,351,351,0,0,0,0,0
210500,345,349,353,354,350,350,0,0,0,0,0
210600,344,347,351,351,347,348,0,0,0,0,0
210700,344,347,351,352,348,349,0,0,0,0,0
210800,345,349,353,354,350,350,0,0,0,0,0
210900,333,333,335,335,331,333,0,0,0,0,0
211000,314,311,313,312,306,310,0,0,0,0,0
211100,305,304,306,305,299,304,0,0,0,0,0
211200,301,302,304,303,296,301,0,0,0,0,0
211300,300,302,304,303,296,300,0,0,0,0,0
211400,293,293,295,293,285,290,0,0,0,0,0
211500,294,297,299,297,289,294,0,0,0,0,0
211600,290,291,293,291,283,288,0,0,0,0,0
211700,299,304,307,305,298,301,0,0,0,0,0
211800,314,322,326,325,319,320,0,0,0,0,0
211900,313,317,319,317,311,312,0,0,0,0,0
212000,311,313,315,314,308,310,0,0,0,0,0
212100,311,313,316,315,308,311,0,0,0,0,0
212200,318,323,327,326,320,322,0,0,0,0,0
212300,346,358,364,365,360,359,0,0,0,0,0
212400,363,374,379,381,377,374,0,0,0,0,0
212500,357,361,363,364,360,358,0,0,0,0,0
212600,353,356,359,360,356,356,0,0,0,0,0
212700,351,355,358,360,356,357,0,0,0,0,0
212800,338,338,340,340,336,338,0,0,0,0,0
212900,338,341,344,345,341,343,0,0,0,0,0
213000,346,352,357,358,354,355,0,0,0,0,0
213100,365,375,381,384,380,378,0,0,0,0,0
213200,365,370,374,376,372,370,0,0,0,0,0
213300,365,369,373,375,371,371,0,0,0,0,0
213400,365,369,373,375,371,371,0,0,0,0,0
213500,343,340,341,342,338,340,0,0,0,0,0
213600,327,325,327,327,322,327,0,0,0,0,0
213700,320,320,323,323,318,322,0,0,0,0,0
213800,315,316,319,319,313,317,0,0,0,0,0
213900,325,332,336,336,331,333,0,0,0,0,0
214000,357,371,378,380,375,373,0,0,0,0,0
214100,381,394,401,404,402,397,0,0,0,0,0
214200,377,382,386,387,384,380,0,0,0,0,0
214300,372,375,379,380,377,377,0,0,0,0,0
214400,367,370,374,376,373,373,0,0,0,0,0
214500,363,366,370,372,369,370,0,0,0,0,0
214600,361,364,368,370,367,368,0,0,0,0,0
214700,358,362,366,368,364,365,0,0,0,0,0
214800,356,360,364,366,362,363,0,0,0,0,0
214900,355,359,363,364,361,361,0,0,0,0,0
215000,354,357,361,363,359,360,0,0,0,0,0
215100,353,357,361,362,359,359,0,0,0,0,0
215200,352,355,359,361,357,358,0,0,0,0,0
215300,351,354,358,360,356,356,0,0,0,0,0
215400,350,354,358,360,356,356,0,0,0,0,0
215500,350,353,357,359,355,355,0,0,0,0,0
215600,349,353,357,358,354,355,0,0,0,0,0
215700,349,353,357,358,354,354,0,0,0,0,0
215800,348,352,356,357,354,354,0,0,0,0,0
215900,348,352,356,357,353,354,0,0,0,0,0
216000,348,352,356,357,353,354,0,0,0,0,0
216100,348,352,355,357,353,353,0,0,0,0,0
216200,347,351,355,356,352,353,0,0,0,0,0
216300,347,351,355,356,352,353,0,0,0,0,0
216400,347,351,355,357,353,353,0,0,0,0,0
216500,347,351,355,356,352,352,0,0,0,0,0
216600,347,351,354,355,351,352,0,0,0,0,0
216700,346,350,354,355,351,352,0,0,0,0,0
216800,347,351,354,356,352,352,0,0,0,0,0
216900,347,352,356,357,353,353,0,0,0,0,0
217000,347,351,355,356,352,353,0,0,0,0,0
217100,347,351,355,356,352,353,0,0,0,0,0
217200,348,352,356,357,353,353,0,0,0,0,0
217300,347,351,354,355,351,352,0,0,0,0,0
217400,346,350,354,355,351,352,0,0,0,0,0
217500,346,350,354,355,351,352,0,0,0,0,0
217600,346,350,353,354,350,351,0,0,0,0,0
217700,346,350,354,355,351,351,0,0,0,0,0
217800,346,349,353,354,350,351,0,0,0,0,0
217900,346,350,354,355,351,351,0,0,0,0,0
218000,346,350,354,355,351,351,0,0,0,0,0
218100,346,350,354,355,350,351,0,0,0,0,0
218200,346,350,354,355,351,351,0,0,0,0,0
218300,346,350,354,355,351,352,0,0,0,0,0
218400,347,351,355,356,352,352,0,0,0,0,0
218500,346,350,354,355,351,351,0,0,0,0,0
218600,346,350,354,355,351,351,0,0,0,0,0
218700,347,351,355,356,352,352,0,0,0,0,0
218800,346,349,353,354,350,350,0,0,0,0,0
218900,346,350,354,355,351,351,0,0,0,0,0
219000,346,350,354,355,351,351,0,0,0,0,0
219100,346,350,353,354,350,351,0,0,0,0,0
219200,346,350,354,355,351,351,0,0,0,0,0
219300,346,350,354,355,351,352,0,0,0,0,0
219400,346,350,354,355,351,352,0,0,0,0,0
219500,346,350,354,355,351,352,0,0,0,0,0
219600,346,350,354,355,351,352,0,0,0,0,0
219700,346,350,354,355,351,352,0,0,0,0,0
219800,346,350,354,355,351,351,0,0,0,0,0
219900,346,350,354,355,351,351,0,0,0,0,0
220000,346,349,353,354,350,351,0,0,0,0,0
220100,346,350,353,354,350,351,0,0,0,0,0
220200,346,349,353,354,350,351,0,0,0,0,0
220300,346,349,353,354,350,351,0,0,0,0,0
220400,346,350,353,354,350,351,0,0,0,0,0
220500,346,350,353,354,350,351,0,0,0,0,0
220600,346,349,353,354,350,351,0,0,0,0,0
220700,346,350,353,355,351,351,0,0,0,0,0
220800,346,350,353,355,350,351,0,0,0,0,0
220900,346,350,354,355,351,351,0,0,0,0,0
221000,346,350,354,355,351,351,0,0,0,0,0
221100,346,350,354,355,351,352,0,0,0,0,0
221200,347,351,355,356,352,353,0,0,0,0,0
221300,347,351,355,356,352,352,0,0,0,0,0
221400,346,350,354,355,351,352,0,0,0,0,0
221500,346,350,354,355,351,352,0,0,0,0,0
221600,346,350,354,355,351,352,0,0,0,0,0
221700,346,350,354,355,351,351,0,0,0,0,0
221800,346,350,354,355,351,352,0,0,0,0,0
221900,346,350,354,355,351,351,0,0,0,0,0
222000,345,349,353,354,350,351,0,0,0,0,0
222100,346,350,354,355,351,351,0,0,0,0,0
222200,345,349,353,354,350,350,0,0,0,0,0
222300,345,349,352,353,349,350,0,0,0,0,0
222400,344,348,352,353,349,349,0,0,0,0,0
222500,343,347,351,352,347,348,0,0,0,0,0
222600,343,346,350,351,346,347,0,0,0,0,0
222700,344,348,351,352,348,349,0,0,0,0,0
222800,341,344,348,348,344,345,0,0,0,0,0
222900,335,337,340,340,336,337,0,0,0,0,0
223000,329,330,333,333,328,331,0,0,0,0,0
223100,321,322,324,324,319,322,0,0,0,0,0
223200,312,311,314,313,307,311,0,0,0,0,0
223300,303,302,304,303,297,301,0,0,0,0,0
223400,297,297,299,298,291,295,0,0,0,0,0
223500,306,312,315,314,307,310,0,0,0,0,0
223600,324,333,338,338,332,332,0,0,0,0,0
223700,337,346,350,350,345,344,0,0,0,0,0
223800,332,334,337,336,331,331,0,0,0,0,0
223900,330,333,335,335,329,331,0,0,0,0,0
224000,351,362,367,369,365,364,0,0,0,0,0
224100,354,360,364,365,362,360,0,0,0,0,0
224200,342,342,345,344,340,341,0,0,0,0,0
224300,344,347,351,352,347,349,0,0,0,0,0
224400,365,375,382,384,381,380,0,0,0,0,0
224500,375,384,389,392,390,387,0,0,0,0,0
224600,372,377,381,383,380,378,0,0,0,0,0
224700,368,371,375,377,374,373,0,0,0,0,0
224800,364,367,371,373,370,370,0,0,0,0,0
224900,361,364,368,370,367,368,0,0,0,0,0
225000,359,362,366,368,365,366,0,0,0,0,0
225100,357,361,365,367,363,364,0,0,0,0,0
225200,355,358,362,364,361,361,0,0,0,0,0
225300,353,357,361,362,359,359,0,0,0,0,0
225400,352,356,360,362,358,359,0,0,0,0,0
225500,351,355,359,361,357,357,0,0,0,0,0
225600,351,355,359,360,357,357,0,0,0,0,0
225700,350,354,358,359,355,356,0,0,0,0,0
225800,349,353,357,358,354,355,0,0,0,0,0
225900,349,353,357,358,354,355,0,0,0,0,0
226000,348,352,356,357,353,354,0,0,0,0,0
226100,348,352,356,357,353,354,0,0,0,0,0
226200,348,352,355,357,353,353,0,0,0,0,0
226300,347,351,355,356,352,353,0,0,0,0,0
226400,347,351,354,356,352,352,0,0,0,0,0
226500,347,351,355,356,352,353,0,0,0,0,0
226600,347,350,354,355,351,352,0,0,0,0,0
226700,346,350,354,355,351,352,0,0,0,0,0
226800,346,350,354,355,351,352,0,0,0,0,0
226900,346,350,354,355,351,351,0,0,0,0,0
227000,346,350,353,355,351,351,0,0,0,0,0
227100,346,350,354,355,351,351,0,0,0,0,0
227200,346,350,354,355,351,351,0,0,0,0,0
227300,346,350,354,355,351,351,0,0,0,0,0
227400,346,350,353,354,350,351,0,0,0,0,0
227500,346,349,353,354,350,351,0,0,0,0,0
227600,344,348,351,352,348,349,0,0,0,0,0
227700,338,340,343,344,340,341,0,0,0,0,0
227800,331,332,335,335,330,332,0,0,0,0,0
227900,335,339,343,343,339,340,0,0,0,0,0
228000,332,335,338,338,334,335,0,0,0,0,0
228100,337,342,346,347,342,343,0,0,0,0,0
228200,346,352,357,358,354,354,0,0,0,0,0
228300,347,352,356,357,353,352,0,0,0,0,0
228400,348,352,356,357,353,353,0,0,0,0,0
228500,348,352,356,357,353,353,0,0,0,0,0
228600,347,351,355,356,352,352,0,0,0,0,0
228700,347,351,354,355,351,352,0,0,0,0,0
228800,346,350,353,354,350,351,0,0,0,0,0
228900,346,349,353,354,350,351,0,0,0,0,0
229000,346,349,353,354,350,351,0,0,0,0,0
229100,346,350,354,355,351,351,0,0,0,0,0
229200,346,349,353,354,350,351,0,0,0,0,0
229300,346,350,353,354,351,351,0,0,0,0,0
229400,346,349,353,354,350,351,0,0,0,0,0
229500,345,349,353,354,350,350,0,0,0,0,0
229600,344,347,351,352,348,349,0,0,0,0,0
229700,344,348,352,353,349,349,0,0,0,0,0
229800,344,348,352,353,349,350,0,0,0,0,0
229900,344,348,352,353,349,349,0,0,0,0,0
230000,345,349,353,354,350,350,0,0,0,0,0
230100,345,348,352,353,349,350,0,0,0,0,0
230200,345,348,352,353,349,350,0,0,0,0,0
230300,344,347,351,352,348,349,0,0,0,0,0
230400,344,347,351,352,348,349,0,0,0,0,0
230500,344,348,352,353,349,350,0,0,0,0,0
230600,344,348,352,353,349,350,0,0,0,0,0
230700,344,348,352,353,349,349,0,0,0,0,0
230800,344,348,352,353,349,350,0,0,0,0,0
230900,345,349,352,353,349,350,0,0,0,0,0
231000,345,349,352,353,349,350,0,0,0,0,0
231100,345,349,353,354,350,351,0,0,0,0,0
231200,345,349,352,353,349,350,0,0,0,0,0
231300,345,349,353,354,350,351,0,0,0,0,0
231400,345,349,352,354,350,350,0,0,0,0,0
231500,345,349,352,353,349,350,0,0,0,0,0
231600,345,349,352,353,349,350,0,0,0,0,0
231700,345,348,352,353,349,350,0,0,0,0,0
231800,345,349,353,354,350,350,0,0,0,0,0
231900,345,348,352,353,349,350,0,0,0,0,0
232000,345,348,352,353,349,350,0,0,0,0,0
232100,345,348,352,353,349,350,0,0,0,0,0
232200,345,348,352,353,349,350,0,0,0,0,0
232300,345,348,352,353,349,350,0,0,0,0,0
232400,345,348,352,353,349,350,0,0,0,0,0
232500,345,349,353,354,350,351,0,0,0,0,0
232600,345,349,352,353,349,350,0,0,0,0,0
232700,345,348,352,353,349,350,0,0,0,0,0
232800,345,348,352,353,349,350,0,0,0,0,0
232900,344,348,352,353,349,350,0,0,0,0,0
233000,344,348,352,353,349,349,0,0,0,0,0
233100,344,348,352,352,348,349,0,0,0,0,0
233200,344,348,352,353,349,349,0,0,0,0,0
233300,345,349,352,353,349,350,0,0,0,0,0
233400,345,349,353,354,350,351,0,0,0,0,0
233500,346,350,353,354,350,351,0,0,0,0,0
233600,346,350,353,354,351,351,0,0,0,0,0
233700,345,349,353,354,350,350,0,0,0,0,0
233800,345,348,352,353,349,350,0,0,0,0,0
233900,344,347,351,352,348,349,0,0,0,0,0
234000,344,347,351,352,348,349,0,0,0,0,0
234100,344,348,352,353,349,349,0,0,0,0,0
234200,344,348,352,353,349,349,0,0,0,0,0
234300,344,348,351,352,348,349,0,0,0,0,0
234400,344,348,351,352,348,349,0,0,0,0,0
234500,344,348,352,353,349,350,0,0,0,0,0
234600,344,348,351,352,348,349,0,0,0,0,0
234700,343,347,350,351,347,348,0,0,0,0,0
234800,343,347,350,351,347,348,0,0,0,0,0
234900,343,347,351,352,348,349,0,0,0,0,0
235000,344,348,352,353,349,350,0,0,0,0,0
235100,345,350,353,354,351,351,0,0,0,0,0
235200,347,352,356,357,353,353,0,0,0,0,0
235300,349,354,358,359,355,355,0,0,0,0,0
235400,350,354,358,359,355,355,0,0,0,0,0
235500,351,356,360,361,357,357,0,0,0,0,0
235600,360,366,371,374,370,370,0,0,0,0,0
235700,354,357,361,362,358,358,0,0,0,0,0
235800,344,344,347,348,343,346,0,0,0,0,0
235900,334,334,337,338,334,336,0,0,0,0,0
236000,328,329,332,332,327,330,0,0,0,0,0
236100,330,334,338,339,334,336,0,0,0,0,0
236200,331,334,338,338,334,335,0,0,0,0,0
236300,321,322,324,324,318,321,0,0,0,0,0
236400,313,313,315,314,308,312,0,0,0,0,0
236500,305,305,307,306,300,304,0,0,0,0,0
236600,300,301,303,302,296,299,0,0,0,0,0
236700,302,305,308,307,301,304,0,0,0,0,0
236800,306,311,314,313,306,309,0,0,0,0,0
236900,310,314,317,316,309,311,0,0,0,0,0
237000,307,309,311,309,302,305,0,0,0,0,0
